name_raw,name_family,name_first,title,fraction,period,state
Ablinger Sonja,Ablinger,Sonja,NA,SPÖ,XX,O
Abraham Gerhard,Abraham,Gerhard,NA,SPÖ,XXI,K
Abram Simon,Abram,Simon,NA,SdP,I,T
Achatz Anna Elisabeth,Achatz,Anna Elisabeth,NA,FPÖ,XVIII,O
"Achleitner Elke, Dipl.-Ing.",Achleitner,Elke,Dipl.-Ing.,F,XXII,O
Achs Matthias,Achs,Matthias,NA,SPÖ,XVII,B
"Adler Friedrich, Dr.",Adler,Friedrich,Dr.,SdP,I,W
Adlersflügel Mathias,Adlersflügel,Mathias,NA,CSP,I,RSM
Afritsch Josef,Afritsch,Josef,NA,SPÖ,X,W
Aichhorn Karl,Aichhorn,Karl,NA,ÖVP,V,W
Aigner Edmund,Aigner,Edmund,NA,SPÖ,V,O
"Aigner Josef, Dr.",Aigner,Josef,Dr.,CSP,I,O
Alberer Alois,Alberer,Alois,NA,SPÖ,XIII,K
Albrecht Anneliese,Albrecht,Anneliese,NA,SPÖ,XIII,W
Allina Heinrich,Allina,Heinrich,NA,SdP,I,W
"Alm Nikolaus, Mag.",Alm,Nikolaus,Mag.,NEOS-LIF,XXV,W
Altenbacher Franz,Altenbacher,Franz,NA,GdP,I,St
Altenburger Erwin,Altenburger,Erwin,NA,ÖVP,V,W
Aman Sepp,Aman,Sepp,NA,OK,I,K
"Amesbauer Hannes, Mag., BA",Amesbauer,Hannes,"Mag., BA",FPÖ,XXVI,St
Amlacher Michael,Amlacher,Michael,NA,SdP,IV,K
"Amon Werner, MBA",Amon,Werner,MBA,ÖVP,XIX,BWV
"Amon Werner siehe Amon Werner, MBA",Amon,Werner,NA,ÖVP,XIX,BWV
"Amtmann Heinrich, Ing.",Amtmann,Heinrich,Ing.,ÖVP,XIV,K
"Androsch Hannes, Dipl.-Kfm. Dr.",Androsch,Hannes,Dipl.-Kfm. Dr.,SPÖ,XI,W
"Androsch Maurice, Ing.",Androsch,Maurice,Ing.,SPÖ,XXVI,N
Angerer Erwin,Angerer,Erwin,NA,FPÖ,XXV,K
"Angerer Hans, Dr.",Angerer,Hans,Dr.,GdP,I,K
Anschober Rudolf,Anschober,Rudolf,NA,GRÜNE,XVIII,O
"Antoni Dieter, Dr.",Antoni,Dieter,Dr.,SPÖ,XVIII,K
Antoni Konrad,Antoni,Konrad,NA,SPÖ,XXV,N
Apfelbeck Ute,Apfelbeck,Ute,NA,FPÖ,XVII,2
"Appel Karl, Dr.",Appel,Karl,Dr.,SdP,IV,W
Appel Rudolf,Appel,Rudolf,NA,SPÖ,V,N
Arthold Josef,Arthold,Josef,NA,ÖVP,XVII,1
"Aslan Aygül Berivan, Mag.",Aslan,Aygül Berivan,Mag.,GRÜNE,XXV,T
Aßmann Alwin,Aßmann,Alwin,NA,WdU,VII,V
"Aspöck Robert, Dr.",Aspöck,Robert,Dr.,FPÖ,XXIII,S
Astl Johann,Astl,Johann,NA,SPÖ,V,T
"Aubauer Gertrude, Mag.",Aubauer,Gertrude,Mag.,ÖVP,XXIII,BWV
Auer Jakob,Auer,Jakob,NA,ÖVP,XVI,O
"Auer Josef, Mag.",Auer,Josef,Mag.,SPÖ,XXIV,T
"Auer Klaus Hubert, Dipl.-Ing.",Auer,Klaus Hubert,Dipl.-Ing.,ÖVP,XXII,K
Auinger Johann,Auinger,Johann,NA,HB,IV,2
Aumayr Anna Elisabeth siehe Achatz Anna Elisabeth,Aumayr,Anna Elisabeth,NA,FPÖ,XVIII,O
Austerlitz Friedrich,Austerlitz,Friedrich,NA,SdP,I,W
Babanitz Franz,Babanitz,Franz,NA,SPÖ,XI,B
"Babitsch Leopold, Dipl.-Ing.",Babitsch,Leopold,Dipl.-Ing.,ÖVP,V,St
Bacher Walter,Bacher,Walter,NA,SPÖ,XXV,S
Bandion Karl,Bandion,Karl,NA,ÖVP,VIII,2
"Barmüller Thomas, Mag.",Barmüller,Thomas,Mag.,FPÖ,XVIII,2
"Bartenstein Martin, Dr.",Bartenstein,Martin,Dr.,ÖVP,XVIII,St
"Bassetti Luis, Dipl.-Kfm. Dr.",Bassetti,Luis,Dipl.-Kfm. Dr.,ÖVP,X,T
Bauer Alois,Bauer,Alois,NA,SdP,II,W
Bauer Franz,Bauer,Franz,NA,CSP,II,3
Bauer Franz,Bauer,Franz,NA,ÖVP,VI,1
"Bauer Franz, Dr.",Bauer,Franz,Dr.,ÖVP,XII,W
"Bauer Gerhard, Ing.",Bauer,Gerhard,Ing.,F,XXI,W
"Bauer Hannes, Dipl.-Kfm. Dr.",Bauer,Hannes,Dipl.-Kfm. Dr.,SPÖ,XVII,N
"Bauer Holger, Dipl.-Kfm.",Bauer,Holger,Dipl.-Kfm.,FPÖ,XV,1
"Bauer Johann, Dipl.-Kfm. Dr. siehe Bauer Hannes, Dipl.-Kfm. Dr.",Bauer,Johann,Dipl.-Kfm. Dr.,SPÖ,XVII,N
"Bauer Otto, Dr.",Bauer,Otto,Dr.,SdP,I,RSM
Bauer Rosemarie,Bauer,Rosemarie,NA,ÖVP,XVI,N
Bauer Sophie,Bauer,Sophie,NA,SPÖ,XVIII,St
Baumgärtel Emil,Baumgärtel,Emil,NA,SdP,I,O
Baumgartner Angela,Baumgartner,Angela,NA,ÖVP,XXVI,N
"Baumgartner-Gabitzer Ulrike, Dr.",Baumgartner-Gabitzer,Ulrike,Dr.,ÖVP,XXI,BWV
"Bayer Johanna, Dipl.-Ing. Dr.",Bayer,Johanna,Dipl.-Ing. Dr.,ÖVP,VIII,St
Bayr Anton,Bayr,Anton,NA,ÖVP,XV,N
"Bayr Petra, MA MLS",Bayr,Petra,MA MLS,SPÖ,XXII,W
"Becher Ruth, Mag.",Becher,Ruth,Mag.,SPÖ,XXII,W
"Bechinie Robert, Dipl.-Kfm. Dr.",Bechinie,Robert,Dipl.-Kfm. Dr.,SPÖ,IX,1
Bekavac-Ramsbacher Helena siehe Ramsbacher Helena,Bekavac-Ramsbacher,Helena,NA,F,XIX,K
"Belakowitsch Dagmar, Dr.",Belakowitsch,Dagmar,Dr.,FPÖ,XXIII,W
"Belakowitsch-Jenewein Dagmar, Dr. siehe Belakowitsch Dagmar, Dr.",Belakowitsch-Jenewein,Dagmar,Dr.,FPÖ,XXIII,W
Benya Anton,Benya,Anton,NA,SPÖ,VIII,W
Berger Johann,Berger,Johann,NA,CSP,III,N
Berger Ricarda,Berger,Ricarda,NA,FPÖ,XXVI,W
Bergmann Kurt,Bergmann,Kurt,NA,ÖVP,XV,1
Bergsmann Felix,Bergsmann,Felix,NA,ÖVP,XV,O
"Berl Franz, Dipl.-Ing.",Berl,Franz,Dipl.-Ing.,ÖVP,XIII,N
"Berlakovich Nikolaus, Dipl.-Ing.",Berlakovich,Nikolaus,Dipl.-Ing.,ÖVP,XXV,B
Bernhard Michael,Bernhard,Michael,NA,NEOS-LIF,XXV,W
Bichl Felix,Bichl,Felix,NA,GdP,I,O
Bichler Karl,Bichler,Karl,NA,CSP,I,N
Binder Franz,Binder,Franz,NA,CSP,I,B
Binder Gabriele siehe Binder-Maier Gabriele,Binder,Gabriele,NA,SPÖ,XVIII,N
Binder-Maier Gabriele,Binder-Maier,Gabriele,NA,SPÖ,XVIII,N
Birbaumer Franz,Birbaumer,Franz,NA,CSP,I,N
Bisjak Paul,Bisjak,Paul,NA,SPÖ,V,K
"Bißmann Martha, Dipl.-Ing. (FH)",Bißmann,Martha,Dipl.-Ing. (FH),PILZ,XXVI,St
Blasisker Josef,Blasisker,Josef,NA,F,XXI,T
Blau-Meissner Freda siehe Meissner-Blau Freda,Blau-Meissner,Freda,NA,GRÜNE,XVII,N
Blecha Karl,Blecha,Karl,NA,SPÖ,XII,N
"Bleckmann Magda, Mag. Dr.",Bleckmann,Magda,Mag. Dr.,F,XXII,St
"Blenk Wolfgang, Dr.",Blenk,Wolfgang,Dr.,ÖVP,XII,V
Bleyer Wilhelm,Bleyer,Wilhelm,NA,ÖVP,V,St
"Blimlinger Eva, Mag.",Blimlinger,Eva,Mag.,GRÜNE,XXVII,W
Blöchl Johann,Blöchl,Johann,NA,CSP,IV,O
"Blümel Gernot, Mag., MBA",Blümel,Gernot,"Mag., MBA",ÖVP,XXVII,W
Blümel Johann,Blümel,Johann,NA,SPÖ,V,St
Blünegger Anton,Blünegger,Anton,NA,FPÖ,XVII,T
"Bock Fritz, Dr.",Bock,Fritz,Dr.,ÖVP,VI,W
Böck-Greissau Josef,Böck-Greissau,Josef,NA,ÖVP,VI,N
Bögl Hans,Bögl,Hans,NA,SPÖ,IX,B
"Bogner-Strauß Juliane, Mag. Dr.",Bogner-Strauß,Juliane,Mag. Dr.,ÖVP,XXVI,St
Böhacker Hermann,Böhacker,Hermann,NA,FPÖ,XVIII,S
Böhler Georg,Böhler,Georg,NA,CSP,IV,V
Böhm Franz Xaver,Böhm,Franz Xaver,NA,ÖVP,XXII,S
Böhm Johann,Böhm,Johann,NA,SdP,IV,B
"Böhmdorfer Dieter, Dr.",Böhmdorfer,Dieter,Dr.,F,XXI,N
"Bösch Herbert, Mag.",Bösch,Herbert,Mag.,SPÖ,XIX,V
Bösch Karl,Bösch,Karl,NA,GdP,I,RSM
"Bösch Reinhard Eugen, Dr.",Bösch,Reinhard Eugen,Dr.,F,XXI,V
Boschek Anna,Boschek,Anna,NA,SdP,I,W
Brachmann Hans,Brachmann,Hans,NA,SdP,III,N
"Brader Alfred, Mag. Dr.",Brader,Alfred,Mag. Dr.,ÖVP,XIX,BWV
Brandl Franz,Brandl,Franz,NA,ÖVP,V,O
"Brandstätter Helmut, Dr.",Brandstätter,Helmut,Dr.,NEOS,XXVII,BWV
Brandstätter Jakob,Brandstätter,Jakob,NA,ÖVP,XI,N
Brandstötter Henrike,Brandstötter,Henrike,NA,NEOS,XXVII,BWV
Brandweiner Lukas,Brandweiner,Lukas,NA,ÖVP,XXVI,N
Braun Helmut,Braun,Helmut,NA,SPÖ,XIV,W
"Brauneder Willi, MMag. Dr.",Brauneder,Willi,MMag. Dr.,F,XIX,N
Brauneis Walter,Brauneis,Walter,NA,SPÖ,VIII,O
Bregartner Karl,Bregartner,Karl,NA,SPÖ,XIII,O
Breiteneder Johann,Breiteneder,Johann,NA,ÖVP,X,O
"Breitenfeld-Papházy Sylvia, Dr., MBA siehe Papházy Sylvia, Dr., MBA",Breitenfeld-Papházy,Sylvia,"Dr., MBA",F,XXI,BWV
Brennsteiner Anton,Brennsteiner,Anton,NA,SPÖ,XV,S
Bretschneider Ludwig August,Bretschneider,Ludwig August,NA,SdP,I,N
"Brinek Gertrude, Dr.",Brinek,Gertrude,Dr.,ÖVP,XVII,W
Brinnich Franz,Brinnich,Franz,NA,CSP,I,N
Brix Otmar,Brix,Otmar,NA,SPÖ,XIX,W
"Broda Christian, Dr.",Broda,Christian,Dr.,SPÖ,IX,W
"Broesigke Tassilo, Dr.",Broesigke,Tassilo,Dr.,FPÖ,X,1
"Brosz Dieter, MSc",Brosz,Dieter,MSc,GRÜNE,XXI,N
Broukal Josef,Broukal,Josef,NA,SPÖ,XXII,BWV
"Brückl Hermann, MA",Brückl,Hermann,MA,FPÖ,XXV,O
"Bruckmann Gerhart, Dr.",Bruckmann,Gerhart,Dr.,ÖVP,XVII,2
Brugger Bernd,Brugger,Bernd,NA,F,XXI,T
"Brunner Christiane, Mag.",Brunner,Christiane,Mag.,GRÜNE,XXIV,BWV
Brunner Franz,Brunner,Franz,NA,ÖVP,XII,N
Brunner Karl,Brunner,Karl,NA,ÖVP,V,St
Brunner Wanda,Brunner,Wanda,NA,SPÖ,XV,2
"Brünner Christian, Dr.",Brünner,Christian,Dr.,ÖVP,XVIII,St
"Buchberger Adalbert, Dipl.-Ing. Dr.",Buchberger,Adalbert,Dipl.-Ing. Dr.,WdU,VI,4
Bucher Josef,Bucher,Josef,NA,F,XXII,K
Buchinger Rudolf,Buchinger,Rudolf,NA,CSP,I,N
Buchleitner Johann,Buchleitner,Johann,NA,CSP,IV,N
Buchmayr Harry,Buchmayr,Harry,NA,SPÖ,XXIV,O
Buchner Josef,Buchner,Josef,NA,GRÜNE,XVII,O
Buder Hannelore,Buder,Hannelore,NA,SPÖ,XVIII,St
Bures Doris,Bures,Doris,NA,SPÖ,XVIII,W
"Buresch Karl, Dr.",Buresch,Karl,Dr.,CSP,I,N
Burger Siegmund,Burger,Siegmund,NA,ÖVP,XII,St
Burgmann Rudolf,Burgmann,Rudolf,NA,CSP,IV,B
Burgstaller Alois,Burgstaller,Alois,NA,CSP,I,O
Burgstaller Paul,Burgstaller,Paul,NA,ÖVP,XV,St
Burket Ilse,Burket,Ilse,NA,F,XXI,W
"Bürstmayr Georg, Mag.",Bürstmayr,Georg,Mag.,GRÜNE,XXVII,BWV
"Busek Erhard, Dr.",Busek,Erhard,Dr.,ÖVP,XIV,W
Buttinger Johann,Buttinger,Johann,NA,SPÖ,VIII,O
"Cap Josef, Dr.",Cap,Josef,Dr.,SPÖ,XVI,W
Cerny Theodor,Cerny,Theodor,NA,ÖVP,V,N
Chaloupek Ferdinand,Chaloupek,Ferdinand,NA,SPÖ,IX,N
"Clessin Heinrich, abs. iur.",Clessin,Heinrich,abs. iur.,GdP,I,S
"Cortolezis-Schlager Katharina, Mag.",Cortolezis-Schlager,Katharina,Mag.,ÖVP,XXIV,W
"Cox Stephanie, BA",Cox,Stephanie,BA,PILZ,XXVI,W
Csörgits Renate,Csörgits,Renate,NA,SPÖ,XXI,BWV
Czernetz Karl,Czernetz,Karl,NA,SPÖ,VI,W
Czernin Ottokar,Czernin,Ottokar,NA,OK,I,W
Czerny Anna,Czerny,Anna,NA,SPÖ,IX,N
Czettel Adolf,Czettel,Adolf,NA,SPÖ,XIV,W
Czettel Hans,Czettel,Hans,NA,SPÖ,VII,N
Dallinger Alfred,Dallinger,Alfred,NA,SPÖ,XIII,W
"Danneberg Robert, Dr.",Danneberg,Robert,Dr.,SdP,I,N
"Darabos Norbert, Mag.",Darabos,Norbert,Mag.,SPÖ,XXII,BWV
"Darmann Gernot, Mag.",Darmann,Gernot,Mag.,BZÖ,XXIII,K
"Deckenbacher Romana, Mag.",Deckenbacher,Romana,Mag.,ÖVP,XXVII,W
"Deimek Gerhard, Dipl.-Ing.",Deimek,Gerhard,Dipl.-Ing.,FPÖ,XXIV,O
Dengler Josef,Dengler,Josef,NA,ÖVP,V,N
"Derfler Alois, Ing.",Derfler,Alois,Ing.,ÖVP,XVI,N
"Dernoscheg Karl-Heinz, Dr., MBA",Dernoscheg,Karl-Heinz,"Dr., MBA",ÖVP,XXII,St
Dersch Mathias,Dersch,Mathias,NA,CSP,I,N
Deutsch Josef,Deutsch,Josef,NA,SPÖ,VIII,N
"Deutsch Julius, Dr.",Deutsch,Julius,Dr.,SdP,I,W
Deutschmann Valentin,Deutschmann,Valentin,NA,ÖVP,XI,K
Dewaty Hubert,Dewaty,Hubert,NA,LBd,III,St
Diesner-Wais Martina,Diesner-Wais,Martina,NA,ÖVP,XXV,N
Dietachmayr Helmut,Dietachmayr,Helmut,NA,SPÖ,XVIII,O
Dietrich Dominikus,Dietrich,Dominikus,NA,CSP,I,T
Dietrich Günter,Dietrich,Günter,NA,SPÖ,XVI,V
"Dietrich Waltraud, Ing.",Dietrich,Waltraud,Ing.,STRONACH,XXV,St
"Dillersberger Siegfried, Dr.",Dillersberger,Siegfried,Dr.,FPÖ,XVII,T
Dim Thomas,Dim,Thomas,NA,FPÖ,XXVI,O
"Dinghofer Franz, Dr.",Dinghofer,Franz,Dr.,GdP,I,O
Dinkhauser Josef,Dinkhauser,Josef,NA,ÖVP,V,T
"Disoski Meri, Mag.",Disoski,Meri,Mag.,GRÜNE,XXVII,W
"Dittrich Karl, Ing.",Dittrich,Karl,Ing.,ÖVP,XIV,W
"Ditz Johannes, Dr.",Ditz,Johannes,Dr.,ÖVP,XVII,N
Diwald Leopold,Diwald,Leopold,NA,CSP,I,N
Dobesberger Edith,Dobesberger,Edith,NA,SPÖ,XIII,O
Dobnigg Karl,Dobnigg,Karl,NA,SPÖ,XXI,St
Dohnal Johanna,Dohnal,Johanna,NA,SPÖ,XIX,W
Dolinschek Sigisbert,Dolinschek,Sigisbert,NA,FPÖ,XVIII,2
Domes Franz,Domes,Franz,NA,SdP,I,St
Donabauer Karl,Donabauer,Karl,NA,ÖVP,XIX,N
"Dönmez Efgani, PMM",Dönmez,Efgani,PMM,ÖVP,XXVI,BWV
"Donnerbauer Heribert, Mag.",Donnerbauer,Heribert,Mag.,ÖVP,XXI,N
"Doppelbauer Karin, Dipl.-Ing.",Doppelbauer,Karin,Dipl.-Ing.,NEOS,XXV,BWV
Doppler Anton,Doppler,Anton,NA,ÖVP,XXII,St
Doppler Leopold,Doppler,Leopold,NA,CSP,III,W
Doppler Rupert,Doppler,Rupert,NA,FPÖ,XXIV,S
"Dostal Hubert, Dr.",Dostal,Hubert,Dr.,CSP,I,O
Draxler Hans,Draxler,Hans,NA,SPÖ,VI,3
Drescher Martin,Drescher,Martin,NA,ÖVP,V,B
"Drexel Karl, DDr.",Drexel,Karl,DDr.,CSP,II,V
"Drobits Christian, Mag.",Drobits,Christian,Mag.,SPÖ,XXVII,B
"Drozda Thomas, Mag.",Drozda,Thomas,Mag.,SPÖ,XXVI,BWV
Duda Adolf,Duda,Adolf,NA,SdP,II,N
Duld Matthias,Duld,Matthias,NA,OK,I,B
Dunst Verena,Dunst,Verena,NA,SPÖ,XIX,B
Durchschlag Claudia,Durchschlag,Claudia,NA,ÖVP,XXIII,O
Duscher Matthias,Duscher,Matthias,NA,CSP,III,O
"Duzdar Muna, Mag.",Duzdar,Muna,Mag.,SPÖ,XXVI,W
Dworak Franz,Dworak,Franz,NA,ÖVP,VI,1
"Dziedzic Ewa, Mag. Dr. siehe Ernst-Dziedzic Ewa, Dr.",Dziedzic,Ewa,Mag. Dr.,GRÜNE,XXVII,W
Ebenbichler Gerhard,Ebenbichler,Gerhard,NA,WdU,VI,T
Eberhard Sepp,Eberhard,Sepp,NA,SPÖ,IX,K
Ebner Anton,Ebner,Anton,NA,SdP,I,St
Ebner Hans,Ebner,Hans,NA,HB,IV,4
Ecker Cornelia,Ecker,Cornelia,NA,SPÖ,XXV,S
"Ecker Rosa, MBA",Ecker,Rosa,MBA,FPÖ,XXVII,O
Eckhart Leopold,Eckhart,Leopold,NA,SPÖ,IX,N
Eder Kurt,Eder,Kurt,NA,SPÖ,XVII,W
"Eder Sebastian, Dr.",Eder,Sebastian,Dr.,ÖVP,XXIII,T
"Ederer Brigitte, Mag.",Ederer,Brigitte,Mag.,SPÖ,XVI,W
"Eder-Gitschthaler Andrea, Dr.",Eder-Gitschthaler,Andrea,Dr.,ÖVP,XXIII,S
"Eder-Lindner Astrid Monika, Dr.",Eder-Lindner,Astrid Monika,Dr.,OK,XXV,BWV
Edler Josef,Edler,Josef,NA,SPÖ,XVIII,W
Edlinger Rudolf,Edlinger,Rudolf,NA,SPÖ,XXI,W
Edlinger Wolfgang,Edlinger,Wolfgang,NA,CSP,I,St
Egg Herbert,Egg,Herbert,NA,SPÖ,XII,T
Egger Bernhard,Egger,Bernhard,NA,OK,I,K
Egghart Robert,Egghart,Robert,NA,F,XXI,W
Ehgartner Hans,Ehgartner,Hans,NA,ÖVP,IX,1
Ehmann Michael,Ehmann,Michael,NA,SPÖ,XXIII,St
Ehrenfried Anton,Ehrenfried,Anton,NA,ÖVP,VI,N
Eibegger Max,Eibegger,Max,NA,SPÖ,V,St
Eichinger Johann,Eichinger,Johann,NA,CSP,IV,N
Eichinger Karl,Eichinger,Karl,NA,ÖVP,VI,N
Eigruber Hermann,Eigruber,Hermann,NA,FPÖ,XVI,2
"Einem Caspar, Dr.",Einem,Caspar,Dr.,SPÖ,XX,W
"Einwallner Reinhold, Ing.",Einwallner,Reinhold,Ing.,SPÖ,XXVI,V
Einwallner Thomas,Einwallner,Thomas,NA,ÖVP,XXIII,St
Eisenhut Josef,Eisenhut,Josef,NA,CSP,I,N
"Eisenschenk Peter, Mag.",Eisenschenk,Peter,Mag.,ÖVP,XXIII,N
"Eisler Arnold, Dr.",Eisler,Arnold,Dr.,SdP,I,St
"El Habbassi Asdin, BA",El,Habbassi Asdin,BA,ÖVP,XXV,BWV
Eldersch Matthias,Eldersch,Matthias,NA,SdP,I,W
"Ellenbogen Wilhelm, Dr.",Ellenbogen,Wilhelm,Dr.,SdP,I,W
Ellend Bernhard,Ellend,Bernhard,NA,CSP,IV,1
Ellmauer Matthias,Ellmauer,Matthias,NA,ÖVP,XIX,O
Ellmerer Hans,Ellmerer,Hans,NA,CSP,IV,T
Elmecker Robert,Elmecker,Robert,NA,SPÖ,XV,O
"El-Nagashi Faika, Mag.",El-Nagashi,Faika,Mag.,GRÜNE,XXVII,W
Elser Viktor,Elser,Viktor,NA,KPÖ,V,4
Elshuber August,Elshuber,August,NA,HB,IV,3
Emhart Maria,Emhart,Maria,NA,SPÖ,VII,S
Enge Franz,Enge,Franz,NA,SPÖ,VII,O
"Engelberg Martin, Mag.",Engelberg,Martin,Mag.,ÖVP,XXVI,BWV
Enser Maria,Enser,Maria,NA,SPÖ,VII,O
Entner Richard,Entner,Richard,NA,ÖVP,VI,W
"Erasim Melanie, MSc",Erasim,Melanie,MSc,SPÖ,XXVI,N
Erlinger Helga,Erlinger,Helga,NA,GRÜNE,XVII,N
"Ermacora Felix, Dr.",Ermacora,Felix,Dr.,ÖVP,XIII,2
"Ernst-Dziedzic Ewa, Dr.",Ernst-Dziedzic,Ewa,Dr.,GRÜNE,XXVII,W
Ertl Ferdinand,Ertl,Ferdinand,NA,GdP,II,2
Ertl Franz,Ertl,Franz,NA,CSP,II,O
"Ertlschweiger Rouven, MSc",Ertlschweiger,Rouven,MSc,STRONACH,XXV,BWV
Eßl Franz Leonhard,Eßl,Franz Leonhard,NA,ÖVP,XXII,S
"Ettmayer Wendelin, Dr.",Ettmayer,Wendelin,Dr.,ÖVP,XIV,W
Exler Rudolf,Exler,Rudolf,NA,SPÖ,VII,St
"Eypeltauer Beatrix, Dr.",Eypeltauer,Beatrix,Dr.,SPÖ,XIV,O
"Eypeltauer Felix, Mag.",Eypeltauer,Felix,Mag.,NEOS,XXVII,O
Fachleutner Karl,Fachleutner,Karl,NA,ÖVP,X,N
Fageth Ferdinand,Fageth,Ferdinand,NA,SPÖ,V,O
Fahrner Anton,Fahrner,Anton,NA,GdP,III,N
Falger Nikolaus,Falger,Nikolaus,NA,CSP,II,T
Falle Anton,Falle,Anton,NA,SdP,I,K
"Fallent Gerhard, Ing.",Fallent,Gerhard,Ing.,F,XXI,O
"Fasslabend Werner, Dr.",Fasslabend,Werner,Dr.,ÖVP,XVII,N
Fast Franziska,Fast,Franziska,NA,SPÖ,XVI,W
Faul Christian,Faul,Christian,NA,SPÖ,XXI,St
Fauland Adolf,Fauland,Adolf,NA,SPÖ,XIV,St
Fauland Markus,Fauland,Markus,NA,F,XXII,S
Faymann Werner,Faymann,Werner,NA,SPÖ,XXIV,BWV
Fazekas Hannes,Fazekas,Hannes,NA,SPÖ,XXIII,N
"Feichtinger Elisabeth, BEd BEd",Feichtinger,Elisabeth,BEd BEd,SPÖ,XXVI,BWV
"Feichtinger Klaus Uwe, Mag. Dr.",Feichtinger,Klaus Uwe,Mag. Dr.,SPÖ,XXV,St
"Fekter Maria Theresia, Mag. Dr.",Fekter,Maria Theresia,Mag. Dr.,ÖVP,XVIII,O
Felzmann Carina,Felzmann,Carina,NA,ÖVP,XXII,W
"Ferrero-Waldner Benita, Dr.",Ferrero-Waldner,Benita,Dr.,ÖVP,XX,BWV
"Ferrero-Waldner Benita-Maria, Dr. siehe Ferrero-Waldner Benita, Dr.",Ferrero-Waldner,Benita-Maria,Dr.,ÖVP,XX,BWV
"Fertl Rudolf, Dr.",Fertl,Rudolf,Dr.,SPÖ,XIV,N
"Feurstein Gottfried, Dr.",Feurstein,Gottfried,Dr.,ÖVP,XIV,V
"Fichtenbauer Peter, Dr.",Fichtenbauer,Peter,Dr.,FPÖ,XXIII,W
Fichtinger Angela,Fichtinger,Angela,NA,ÖVP,XXV,N
"Fiedler Fiona, BEd",Fiedler,Fiona,BEd,NEOS,XXVII,St
"Fiedler Kurt, Dipl.-Kfm. Dr.",Fiedler,Kurt,Dipl.-Kfm. Dr.,ÖVP,X,1
"Figl Leopold, Dipl.-Ing. DDDr. h.c.",Figl,Leopold,Dipl.-Ing. DDDr. h.c.,ÖVP,V,N
Fink Ernst,Fink,Ernst,NA,ÖVP,XVI,St
"Fink Jodok, Dr. h.c.",Fink,Jodok,Dr. h.c.,CSP,I,V
"Fink Josef, Dr.",Fink,Josef,Dr.,ÖVP,VI,T
"Fink Pius, Dipl.-Ing.",Fink,Pius,Dipl.-Ing.,ÖVP,V,V
"Finz Alfred, Dr.",Finz,Alfred,Dr.,ÖVP,XXII,W
"Firlinger Reinhard, Mag.",Firlinger,Reinhard,Mag.,L,XIX,N
"Firnberg Hertha, Dr. Dr. h.c.",Firnberg,Hertha,Dr. Dr. h.c.,SPÖ,X,W
Fischer Christian,Fischer,Christian,NA,CSP,I,St
Fischer Ernst,Fischer,Ernst,NA,KPÖ,V,1
"Fischer Heinz, Dr.",Fischer,Heinz,Dr.,SPÖ,XIII,W
Fischer Hermann,Fischer,Hermann,NA,SdP,IV,W
Fischer Leopold,Fischer,Leopold,NA,ÖVP,VI,N
"Fischer Rudolf Heinz, Ing.",Fischer,Rudolf Heinz,Ing.,ÖVP,XIII,St
"Fischer Ulrike, Mag.",Fischer,Ulrike,Mag.,GRÜNE,XXVII,N
Fischl Harald,Fischl,Harald,NA,FPÖ,XVIII,St
"Fischler Franz, Dipl.-Ing. Dr.",Fischler,Franz,Dipl.-Ing. Dr.,ÖVP,XVIII,T
Fister Alfred,Fister,Alfred,NA,SPÖ,XV,K
Fleckl Anita,Fleckl,Anita,NA,SPÖ,XXII,St
"Fleischmann Franz, Dr.",Fleischmann,Franz,Dr.,SPÖ,XIII,W
"Flemming Marilies, Dr.",Flemming,Marilies,Dr.,ÖVP,XVIII,W
"Flicker Franz, Dipl.-Ing.",Flicker,Franz,Dipl.-Ing.,ÖVP,XV,N
Flossmann Ferdinanda,Flossmann,Ferdinanda,NA,SdP,IV,3
Flöttl Karl,Flöttl,Karl,NA,SPÖ,IX,N
Födermayr Florian,Födermayr,Florian,NA,CSP,I,O
Fohringer Josef,Fohringer,Josef,NA,SdP,III,St
Foppa Hermann,Foppa,Hermann,NA,NWB,IV,3
Forsthuber Rudolf,Forsthuber,Rudolf,NA,SPÖ,V,S
Forstner August,Forstner,August,NA,SdP,I,W
"Frank Felix, Dr.",Frank,Felix,Dr.,GdP,I,W
Franz Anna,Franz,Anna,NA,ÖVP,XXII,V
Franz Georg,Franz,Georg,NA,ÖVP,VI,K
"Franz Marcus, Dr.",Franz,Marcus,Dr.,STRONACH,XXV,BWV
Franzmair Josef,Franzmair,Josef,NA,SPÖ,X,O
"Frauscher Helmut, Dipl.-Kfm. Dr.",Frauscher,Helmut,Dipl.-Kfm. Dr.,ÖVP,XII,S
Freigaßner Evelyn,Freigaßner,Evelyn,NA,F,XXI,St
Freund Karl,Freund,Karl,NA,ÖVP,XVII,O
Freund Richard,Freund,Richard,NA,SPÖ,VII,W
Freundlich Emmy,Freundlich,Emmy,NA,SdP,I,W
Friedl Karl,Friedl,Karl,NA,ÖVP,V,W
Friedl Klaudia,Friedl,Klaudia,NA,SPÖ,XXVI,B
"Frieser Cordula, Mag.",Frieser,Cordula,Mag.,ÖVP,XVII,St
Frisch Anton,Frisch,Anton,NA,ÖVP,V,B
"Frischenschlager Friedhelm, Dr.",Frischenschlager,Friedhelm,Dr.,FPÖ,XIV,S
Fritz Hermann,Fritz,Hermann,NA,ÖVP,X,St
"Frizberg Gilbert, Dr.",Frizberg,Gilbert,Dr.,ÖVP,XVI,St
Frodl Karl,Frodl,Karl,NA,ÖVP,X,St
Frömel Emmerich,Frömel,Emmerich,NA,SPÖ,VI,St
Frühbauer Erwin,Frühbauer,Erwin,NA,SPÖ,X,K
"Frühwirth Josef, Dipl.-Ing. Dr.",Frühwirth,Josef,Dipl.-Ing. Dr.,ÖVP,XIV,W
Frühwirth Michael,Frühwirth,Michael,NA,SdP,IV,N
Fuchs Brunhilde,Fuchs,Brunhilde,NA,SPÖ,XIX,W
"Fuchs Hans Georg, Dipl.-Ing.",Fuchs,Hans Georg,Dipl.-Ing.,ÖVP,XVI,St
"Fuchs Hubert, MMag. DDr.",Fuchs,Hubert,MMag. DDr.,FPÖ,XXV,W
Fuchs Luis,Fuchs,Luis,NA,ÖVP,XVII,K
"Fuhrmann Silvia, Mag. siehe Grünberger Silvia, Mag.",Fuhrmann,Silvia,Mag.,ÖVP,XXII,BWV
"Fuhrmann Willi, Dr.",Fuhrmann,Willi,Dr.,SPÖ,XVII,N
Füller Christian,Füller,Christian,NA,SPÖ,XXIII,St
"Fürlinger Klaus, Mag.",Fürlinger,Klaus,Mag.,ÖVP,XXVI,O
Furreg Lotte,Furreg,Lotte,NA,GdP,I,W
"Fürst Susanne, Dr.",Fürst,Susanne,Dr.,FPÖ,XXVI,BWV
Fux Franz,Fux,Franz,NA,SPÖ,XI,N
Fux Herbert,Fux,Herbert,NA,GRÜNE,XVII,2
Gaál Anton,Gaál,Anton,NA,SPÖ,XVIII,W
Gabriel Josef,Gabriel,Josef,NA,SdP,I,K
Gabriele Franz,Gabriele,Franz,NA,ÖVP,X,W
Gahr Hermann,Gahr,Hermann,NA,ÖVP,XXI,T
"Gaigg Gerfrid, Dr.",Gaigg,Gerfrid,Dr.,ÖVP,XV,O
Gaiswinkler Albrecht,Gaiswinkler,Albrecht,NA,SPÖ,V,St
"Gamon Claudia, MSc (WU)",Gamon,Claudia,MSc (WU),NEOS,XXV,BWV
Gangl Michael,Gangl,Michael,NA,CSP,II,B
Gartelgruber Carmen siehe Schimanek Carmen,Gartelgruber,Carmen,NA,FPÖ,XXIV,T
"Gartlehner Kurt, Ing.",Gartlehner,Kurt,Ing.,SPÖ,XVIII,O
Gärtner Heinz,Gärtner,Heinz,NA,SPÖ,XV,K
"Gaßner Kurt, Mag.",Gaßner,Kurt,Mag.,SPÖ,XX,O
"Gasperschitz Alfred, Dr.",Gasperschitz,Alfred,Dr.,ÖVP,XIII,O
"Gasselich Anton, Dr.",Gasselich,Anton,Dr.,WdU,VI,2
"Gasser Hans, Dipl.-Ing.",Gasser,Hans,Dipl.-Ing.,ÖVP,XVII,K
"Gassner Johann, Ing.",Gassner,Johann,Ing.,ÖVP,XIV,1
Gassner Martin,Gassner,Martin,NA,ÖVP,V,O
Gatterer Edeltraud,Gatterer,Edeltraud,NA,ÖVP,XVIII,K
Gaugg Reinhart,Gaugg,Reinhart,NA,F,XX,K
Gebert Richard,Gebert,Richard,NA,SPÖ,XVIII,N
Gehrer Elisabeth,Gehrer,Elisabeth,NA,ÖVP,XX,BWV
Geiger Leo,Geiger,Leo,NA,SPÖ,VIII,W
"Geischläger Robert, Dr.",Geischläger,Robert,Dr.,ÖVP,XI,W
Geisler Simon,Geisler,Simon,NA,CSP,I,S
"Geißler Hermann, Dr.",Geißler,Hermann,Dr.,ÖVP,VIII,St
Geißlinger Ferdinand,Geißlinger,Ferdinand,NA,ÖVP,V,W
Genner Laurenz,Genner,Laurenz,NA,SdP,IV,N
"Gerstl Wolfgang, Mag.",Gerstl,Wolfgang,Mag.,ÖVP,XXIV,W
Gerstner Peter,Gerstner,Peter,NA,FPÖ,XXVI,N
Geßl Josef,Geßl,Josef,NA,SdP,I,W
Gessl-Ranftl Andrea,Gessl-Ranftl,Andrea,NA,SPÖ,XXIV,St
"Gewessler Leonore, BA",Gewessler,Leonore,BA,GRÜNE,XXVII,O
Geyer Hermann,Geyer,Hermann,NA,CSP,I,N
"Geyer Walter, Mag.",Geyer,Walter,Mag.,GRÜNE,XVII,2
"Gföhler Willibald, Mag.",Gföhler,Willibald,Mag.,GRÜNE,XIX,N
Gföller Karl,Gföller,Karl,NA,SPÖ,V,St
Gföllner Alois,Gföllner,Alois,NA,ÖVP,XV,O
Giegerl Johann,Giegerl,Johann,NA,SPÖ,VI,St
Gierlinger Balthasar,Gierlinger,Balthasar,NA,CSP,II,O
"Gimpl Georg, Dr.",Gimpl,Georg,Dr.,CSP,I,St
Gindler Anton,Gindler,Anton,NA,ÖVP,V,N
"Gisel Alfred, Dr.",Gisel,Alfred,Dr.,SPÖ,XIII,W
Glaser Franz,Glaser,Franz,NA,ÖVP,XXII,B
Glaser Karl,Glaser,Karl,NA,ÖVP,VII,S
"Glawischnig Eva, Dr. siehe Glawischnig-Piesczek Eva, Dr.",Glawischnig,Eva,Dr.,GRÜNE,XXI,W
"Glawischnig-Piesczek Eva, Dr.",Glawischnig-Piesczek,Eva,Dr.,GRÜNE,XXI,W
Glöckel Otto,Glöckel,Otto,NA,SdP,I,W
"Gmoser Rupert, DDr.",Gmoser,Rupert,DDr.,SPÖ,XV,St
"Gödl Ernst, Mag.",Gödl,Ernst,Mag.,ÖVP,XXVI,St
"Gorbach Alfons, Dr.",Gorbach,Alfons,Dr.,ÖVP,V,St
"Gorton Wilhelm, Dipl.-Kfm.",Gorton,Wilhelm,Dipl.-Kfm.,ÖVP,XII,K
Gossi Alois,Gossi,Alois,NA,SPÖ,XV,B
"Götz Alexander, Dipl.-Ing. DDr.",Götz,Alexander,Dipl.-Ing. DDr.,FPÖ,XV,St
"Götze Elisabeth, Dr.",Götze,Elisabeth,Dr.,GRÜNE,XXVII,N
Grabenhofer Gottlieb,Grabenhofer,Gottlieb,NA,LBd,IV,B
Grabher-Meyer Walter,Grabher-Meyer,Walter,NA,FPÖ,XV,2
Grabner Arnold,Grabner,Arnold,NA,SPÖ,XV,N
"Grabner Heinz, Dipl.-Ing.",Grabner,Heinz,Dipl.-Ing.,SPÖ,XVI,St
Gradauer Alois,Gradauer,Alois,NA,FPÖ,XXIII,O
"Gradenegger Johannes, Dr.",Gradenegger,Johannes,Dr.,SPÖ,XIII,K
"Gradinger Rudolf, Ing.",Gradinger,Rudolf,Ing.,ÖVP,XII,B
"Gradischnik Reimar, Dr.",Gradischnik,Reimar,Dr.,SPÖ,XV,K
Gradwohl Heinz,Gradwohl,Heinz,NA,SPÖ,XVIII,St
"Graenitz Ilona, Dipl.-Kfm.",Graenitz,Ilona,Dipl.-Kfm.,SPÖ,XVII,O
Graf Ferdinand,Graf,Ferdinand,NA,ÖVP,VI,K
Graf Florian,Graf,Florian,NA,CSP,IV,St
"Graf Herbert L., Ing.",Graf,Herbert L.,Ing.,F,XXI,BWV
"Graf Martin, Dr. siehe Graf Martin, Mag. Dr.",Graf,Martin,Dr.,F,XIX,W
"Graf Martin, Mag. Dr.",Graf,Martin,Mag. Dr.,F,XIX,W
Graf Robert,Graf,Robert,NA,ÖVP,XI,B
Graf Rudolf,Graf,Rudolf,NA,ÖVP,VIII,N
Graf Tanja,Graf,Tanja,NA,ÖVP,XXVI,S
"Graff Michael, Dr.",Graff,Michael,Dr.,ÖVP,XVI,W
"Grailer Iring, Dr.",Grailer,Iring,Dr.,GdP,II,4
Gram Heribert,Gram,Heribert,NA,ÖVP,IX,N
Grander Maria,Grander,Maria,NA,ÖVP,XXII,T
"Grandits Marijana, Mag.",Grandits,Marijana,Mag.,GRÜNE,XVIII,2
"Gratz Leopold, Mag.",Gratz,Leopold,Mag.,SPÖ,XI,W
Gratzer Bernhard,Gratzer,Bernhard,NA,FPÖ,XVIII,N
Grebien Alois,Grebien,Alois,NA,SPÖ,V,St
Grebien Heike,Grebien,Heike,NA,GRÜNE,XXVII,St
"Gredler Martina, Dr.",Gredler,Martina,Dr.,L,XIX,W
"Gredler Willfried, Dr.",Gredler,Willfried,Dr.,WdU,VII,1
"Greiner Karin, Mag.",Greiner,Karin,Mag.,SPÖ,XXIV,St
Grießner Isidor,Grießner,Isidor,NA,ÖVP,V,S
Grillitsch Fritz,Grillitsch,Fritz,NA,ÖVP,XXII,St
"Griss Irmgard, Dr.",Griss,Irmgard,Dr.,NEOS,XXVI,St
Gritschacher Josef,Gritschacher,Josef,NA,CSP,III,4
Gröger Florian,Gröger,Florian,NA,SdP,I,K
"Groiß Werner, Ing. Mag.",Groiß,Werner,Ing. Mag.,ÖVP,XXV,N
"Grollitsch Udo, Mag. Dr.",Grollitsch,Udo,Mag. Dr.,F,XIX,St
Großbauer Maria,Großbauer,Maria,NA,ÖVP,XXVI,BWV
Größbauer Philipp,Größbauer,Philipp,NA,OK,I,K
Großruck Wolfgang,Großruck,Wolfgang,NA,ÖVP,XIX,O
"Grossmann Elisabeth, Mag.",Grossmann,Elisabeth,Mag.,SPÖ,XXII,St
Grosz Gerald,Grosz,Gerald,NA,BZÖ,XXIV,St
Gruber Alois,Gruber,Alois,NA,WdU,VI,K
Gruber Hermann,Gruber,Hermann,NA,ÖVP,IX,4
Gruber Josef,Gruber,Josef,NA,SdP,I,O
"Gruber Josef, Dr.",Gruber,Josef,Dr.,ÖVP,IX,O
Gruber Karl,Gruber,Karl,NA,ÖVP,VIII,W
"Gruber Karl, Dipl.-Ing. Dr.",Gruber,Karl,Dipl.-Ing. Dr.,ÖVP,V,T
Gruber Michael,Gruber,Michael,NA,CSP,III,N
Gruber Renate,Gruber,Renate,NA,SPÖ,XXVI,N
Gruber Rudolf,Gruber,Rudolf,NA,CSP,I,N
Grubhofer Franz,Grubhofer,Franz,NA,ÖVP,V,V
Grünberg Kira,Grünberg,Kira,NA,ÖVP,XXVI,T
"Grünberger Silvia, Mag.",Grünberger,Silvia,Mag.,ÖVP,XXII,BWV
Grundemann-Falkenberg Ernst,Grundemann-Falkenberg,Ernst,NA,ÖVP,X,O
"Grünewald Kurt, Dr.",Grünewald,Kurt,Dr.,GRÜNE,XXI,BWV
"Grünsteidl Edmund, Dr.",Grünsteidl,Edmund,Dr.,ÖVP,IX,1
"Gschnitzer Franz, Dr.",Gschnitzer,Franz,Dr.,ÖVP,V,T
Gschweidl Rudolf,Gschweidl,Rudolf,NA,SPÖ,V,N
"Gudenus Johann, Mag., M.A.I.S.",Gudenus,Johann,"Mag., M.A.I.S.",FPÖ,XXVI,W
"Gudenus John, Mag.",Gudenus,John,Mag.,FPÖ,XVIII,W
"Gugerbauer Norbert, Dr.",Gugerbauer,Norbert,Dr.,FPÖ,XVI,O
"Guggenberger Leopold, abs. iur.",Guggenberger,Leopold,abs. iur.,ÖVP,XI,K
"Guggenberger Walter, Mag.",Guggenberger,Walter,Mag.,SPÖ,XVI,2
Gumplmayer Hans,Gumplmayer,Hans,NA,SPÖ,V,W
"Gürtler Alfred, Dr.",Gürtler,Alfred,Dr.,CSP,I,St
Gürtler Johann,Gürtler,Johann,NA,CSP,I,O
Gurtner Rudolf,Gurtner,Rudolf,NA,ÖVP,XIV,O
"Gusenbauer Alfred, Dr.",Gusenbauer,Alfred,Dr.,SPÖ,XVIII,N
Gusenbauer-Jäger Marianne,Gusenbauer-Jäger,Marianne,NA,SPÖ,XXV,O
Guth Ernst,Guth,Ernst,NA,ÖVP,VII,B
Haager Christine,Haager,Christine,NA,SPÖ,XVIII,N
Haager Hans,Haager,Hans,NA,ÖVP,V,O
Haas Herbert,Haas,Herbert,NA,SPÖ,XI,N
Haberl Alfred,Haberl,Alfred,NA,SPÖ,VII,St
Haberzettl Wilhelm,Haberzettl,Wilhelm,NA,SPÖ,XXIII,BWV
"Hable Rainer, Dr.",Hable,Rainer,Dr.,NEOS-LIF,XXV,O
Hackenberg Heinrich,Hackenberg,Heinrich,NA,SPÖ,V,W
"Hackl Heinz-Peter, Ing.",Hackl,Heinz-Peter,Ing.,FPÖ,XXIV,O
"Hafenecker Christian, MA",Hafenecker,Christian,MA,FPÖ,XXV,N
"Hafner Hans, Dr.",Hafner,Hans,Dr.,ÖVP,XIV,St
Hafner Josef,Hafner,Josef,NA,SdP,I,O
Hagen Christoph,Hagen,Christoph,NA,BZÖ,XXIV,V
Hagenauer Johann,Hagenauer,Johann,NA,ÖVP,XI,S
Hagenhofer Marianne,Hagenhofer,Marianne,NA,SPÖ,XVIII,O
Hager Hanna,Hager,Hanna,NA,SPÖ,XII,3
"Hager-Hämmerle Doris, Mag.",Hager-Hämmerle,Doris,Mag.,NEOS,XXVI,BWV
Hagleitner Maria,Hagleitner,Maria,NA,SPÖ,IX,T
Hagspiel Ludwig,Hagspiel,Ludwig,NA,ÖVP,XII,V
Hahn Friedrich,Hahn,Friedrich,NA,ÖVP,XIII,W
"Hahn Johannes, Dr.",Hahn,Johannes,Dr.,ÖVP,XXIV,W
"Haiden Günter, Dipl.-Ing.",Haiden,Günter,Dipl.-Ing.,SPÖ,XIV,St
Haider Franz,Haider,Franz,NA,CSP,I,W
"Haider Johann, Dr.",Haider,Johann,Dr.,ÖVP,X,N
"Haider Jörg, Dr.",Haider,Jörg,Dr.,FPÖ,XV,K
"Haider Roman, Mag.",Haider,Roman,Mag.,FPÖ,XXIV,O
Haidlmayr Theresia,Haidlmayr,Theresia,NA,GRÜNE,XIX,BWV
Haigermoser Helmut,Haigermoser,Helmut,NA,FPÖ,XVI,2
"Haimbuchner Manfred, Mag. Dr.",Haimbuchner,Manfred,Mag. Dr.,FPÖ,XXIII,O
Hainzl Josef,Hainzl,Josef,NA,HB,IV,4
Hakel Elisabeth,Hakel,Elisabeth,NA,SPÖ,XXIV,St
"Hakl Karin, Mag.",Hakl,Karin,Mag.,ÖVP,XXI,BWV
"Halder Jakob, Dr.",Halder,Jakob,Dr.,ÖVP,X,T
Haller Anton,Haller,Anton,NA,ÖVP,VIII,3
Haller Edith,Haller,Edith,NA,FPÖ,XVIII,T
"Hamann Sibylle, Mag.",Hamann,Sibylle,Mag.,GRÜNE,XXVII,BWV
Hammer Lukas,Hammer,Lukas,NA,GRÜNE,XXVII,W
"Hammer Michael, Mag.",Hammer,Michael,Mag.,ÖVP,XXIV,O
"Hämmerle Rudolf, Dipl.-Ing.",Hämmerle,Rudolf,Dipl.-Ing.,ÖVP,IX,V
Hammerschmid Josef,Hammerschmid,Josef,NA,SdP,I,W
"Hammerschmid Sonja, Mag. Dr.",Hammerschmid,Sonja,Mag. Dr.,SPÖ,XXVI,N
Hammerstorfer Hans,Hammerstorfer,Hans,NA,SdP,I,RSM
"Hampel Ernst, Dr.",Hampel,Ernst,Dr.,GdP,I,RSM
Handel Max,Handel,Max,NA,ÖVP,V,O
"Hanger Andreas, Mag.",Hanger,Andreas,Mag.,ÖVP,XXV,N
"Hanreich Georg, Dipl.-Ing.",Hanreich,Georg,Dipl.-Ing.,FPÖ,XIII,N
Hans Josef,Hans,Josef,NA,ÖVP,V,N
Hanusch Ferdinand,Hanusch,Ferdinand,NA,SdP,I,St
Hanzlik Hella,Hanzlik,Hella,NA,SPÖ,X,W
Hareter Alexander,Hareter,Alexander,NA,SdP,II,B
Harrich Holda,Harrich,Holda,NA,GRÜNE,XVII,2
"Hartinger-Klein Beate, Mag.",Hartinger-Klein,Beate,Mag.,F,XXI,St
Hartl Leopold,Hartl,Leopold,NA,ÖVP,VIII,W
Hartleb Karl,Hartleb,Karl,NA,LBd,III,St
"Hartmann Eduard, Dipl.-Ing.",Hartmann,Eduard,Dipl.-Ing.,ÖVP,VI,N
Hartmann Josef,Hartmann,Josef,NA,SdP,II,St
Harwalik Adolf,Harwalik,Adolf,NA,ÖVP,VIII,St
"Haselsteiner Hans Peter, Dr.",Haselsteiner,Hans Peter,Dr.,L,XIX,BWV
"Haselwanter Ernst, Dr.",Haselwanter,Ernst,Dr.,SPÖ,IX,3
Hasenauer Bartholomäus,Hasenauer,Bartholomäus,NA,CSP,IV,S
"Hasler Sieghard, Ing.",Hasler,Sieghard,Ing.,SPÖ,XV,K
Hattmannsdorfer Johann,Hattmannsdorfer,Johann,NA,ÖVP,VI,O
Hatzl Johann,Hatzl,Johann,NA,SPÖ,XIV,W
Haubner Peter,Haubner,Peter,NA,ÖVP,XXI,S
Haubner Ursula,Haubner,Ursula,NA,BZÖ,XXIII,BWV
Haueis Alois,Haueis,Alois,NA,CSP,I,T
Haunschmidt Franz,Haunschmidt,Franz,NA,ÖVP,V,O
"Haupt Herbert, Mag.",Haupt,Herbert,Mag.,FPÖ,XVII,2
"Hauser Gerald, Mag.",Hauser,Gerald,Mag.,FPÖ,XXIII,T
Hauser Johann Nepomuk,Hauser,Johann Nepomuk,NA,CSP,I,O
"Hauser Walter, Dr.",Hauser,Walter,Dr.,ÖVP,X,W
"Häuser Rudolf, Ing.",Häuser,Rudolf,Ing.,SPÖ,X,W
"Häuslmayer Ferdinand, Dr.",Häuslmayer,Ferdinand,Dr.,SPÖ,V,O
Hautmann Marie,Hautmann,Marie,NA,SdP,IV,N
"Hawlicek Hilde, Dr.",Hawlicek,Hilde,Dr.,SPÖ,XIV,W
"Hechenberger Josef, Ing.",Hechenberger,Josef,Ing.,ÖVP,XXVII,T
Hechtl Johann,Hechtl,Johann,NA,SPÖ,XXIV,N
Heigl Hans,Heigl,Hans,NA,SPÖ,XV,O
Heigl Johann siehe Heigl Hans,Heigl,Johann,NA,SPÖ,XV,O
Heigl Josef,Heigl,Josef,NA,CSP,I,W
Heindl Christine,Heindl,Christine,NA,GRÜNE,XVIII,1
"Heindl Kurt, Dr.",Heindl,Kurt,Dr.,SPÖ,XIII,W
Heinisch-Hosek Gabriele,Heinisch-Hosek,Gabriele,NA,SPÖ,XXI,N
"Heinl Eduard, Dr. h.c.",Heinl,Eduard,Dr. h.c.,CSP,I,W
Heinz Karl,Heinz,Karl,NA,SdP,IV,W
Heinz Roman,Heinz,Roman,NA,SPÖ,X,V
Heinzinger Walter,Heinzinger,Walter,NA,ÖVP,XV,St
Heinzl Anton,Heinzl,Anton,NA,SPÖ,XX,N
Heiß Regina,Heiß,Regina,NA,ÖVP,XVII,T
Heitzinger Johann,Heitzinger,Johann,NA,CSP,I,N
"Helbich Leopold, Ing.",Helbich,Leopold,Ing.,ÖVP,X,O
Hell Johann,Hell,Johann,NA,SPÖ,XXIII,N
Hellwagner Franz,Hellwagner,Franz,NA,SPÖ,XI,O
Helmer Oskar,Helmer,Oskar,NA,SPÖ,V,2
Herbert Werner,Herbert,Werner,NA,FPÖ,XXIV,N
Herke Hans,Herke,Hans,NA,SPÖ,VIII,K
Hermann Hermann,Hermann,Hermann,NA,SdP,I,V
Herr Julia Elisabeth,Herr,Julia Elisabeth,NA,SPÖ,XXVII,BWV
Herzele Max,Herzele,Max,NA,WdU,VII,4
"Hesele Hans, DDr.",Hesele,Hans,DDr.,SPÖ,XIII,N
Hesoun Josef,Hesoun,Josef,NA,SPÖ,XV,1
Hessl Hermann,Hessl,Hermann,NA,SPÖ,XIII,N
"Hetzenauer Franz, Dr.",Hetzenauer,Franz,Dr.,ÖVP,VIII,T
"Hetzl Gerhard, Mag.",Hetzl,Gerhard,Mag.,F,XXI,St
Heuberger August,Heuberger,August,NA,CSP,II,S
"Hieden Helga, Dr. siehe Hieden-Sommer Helga, Dr.",Hieden,Helga,Dr.,SPÖ,XVI,2
"Hieden-Sommer Helga, Dr.",Hieden-Sommer,Helga,Dr.,SPÖ,XVI,2
Hietl Franz,Hietl,Franz,NA,ÖVP,XII,N
Hillegeist Friedrich,Hillegeist,Friedrich,NA,SPÖ,V,W
"Himmelbauer Eva-Maria, BSc",Himmelbauer,Eva-Maria,BSc,ÖVP,XXIV,N
Hinterleithner Ignaz,Hinterleithner,Ignaz,NA,SPÖ,V,O
Hintermayer Josef,Hintermayer,Josef,NA,FPÖ,XVI,N
Hinterndorfer Fritz,Hinterndorfer,Fritz,NA,ÖVP,V,N
Hintner Hans Stefan,Hintner,Hans Stefan,NA,ÖVP,XXVII,N
Hirsch Ernst,Hirsch,Ernst,NA,CSP,IV,O
Hirscher Josef,Hirscher,Josef,NA,SPÖ,XIII,S
"Hlavac Elisabeth, Dr.",Hlavac,Elisabeth,Dr.,SPÖ,XVII,W
"Höbart Christian, Ing.",Höbart,Christian,Ing.,FPÖ,XXIV,BWV
"Höbinger-Lehrer Liane, Dr.",Höbinger-Lehrer,Liane,Dr.,F,XIX,BWV
"Hobl Hans, Ing.",Hobl,Hans,Ing.,SPÖ,XII,W
Hochmair Fritz,Hochmair,Fritz,NA,SPÖ,XV,O
"Hochsteiner Heinz, Dipl.-Kfm.",Hochsteiner,Heinz,Dipl.-Kfm.,FPÖ,XVIII,2
Hochstetter-Lackner Irene,Hochstetter-Lackner,Irene,NA,SPÖ,XXVI,K
"Höchtl Josef, Mag. Dr.",Höchtl,Josef,Mag. Dr.,ÖVP,XIV,N
Höchtl Leopold,Höchtl,Leopold,NA,CSP,I,N
"Hofeneder Hubert, Dr.",Hofeneder,Hubert,Dr.,ÖVP,VII,W
"Hofer Franz, Dr.",Hofer,Franz,Dr.,CSP,II,O
Hofer Hans,Hofer,Hans,NA,CSP,I,RSM
Hofer Johann,Hofer,Johann,NA,ÖVP,XVI,O
"Hofer Norbert, Ing.",Hofer,Norbert,Ing.,FPÖ,XXIII,BWV
Hoffmann Friedrich,Hoffmann,Friedrich,NA,SPÖ,IX,2
"Hofinger Manfred, Ing.",Hofinger,Manfred,Ing.,ÖVP,XXV,O
Höfinger Johann,Höfinger,Johann,NA,ÖVP,XXIII,N
Hofmann Harald,Hofmann,Harald,NA,SPÖ,XVI,S
"Hofmann Maximilian, Dipl.-Ing.",Hofmann,Maximilian,Dipl.-Ing.,F,XIX,O
Hofstetter Erich,Hofstetter,Erich,NA,SPÖ,X,St
"Hofstetter Karl, Ing.",Hofstetter,Karl,Ing.,ÖVP,X,N
Hohenberg Karl,Hohenberg,Karl,NA,SdP,II,W
Höll Johann,Höll,Johann,NA,SPÖ,XVI,O
Höllerer Anna,Höllerer,Anna,NA,ÖVP,XXII,N
Hollersbacher Josef,Hollersbacher,Josef,NA,CSP,I,St
Holoubek Karl,Holoubek,Karl,NA,SPÖ,VII,W
Holzfeind Edmund,Holzfeind,Edmund,NA,SPÖ,VI,W
"Holzinger Daniela, BA siehe Holzinger-Vogtenhuber Daniela, BA",Holzinger,Daniela,BA,SPÖ,XXV,O
"Holzinger-Vogtenhuber Daniela, BA",Holzinger-Vogtenhuber,Daniela,BA,SPÖ,XXV,O
Hölzl Anton Franz,Hölzl,Anton Franz,NA,SdP,I,W
"Holzleitner Eva Maria, BSc",Holzleitner,Eva Maria,BSc,SPÖ,XXVI,O
Honner Franz,Honner,Franz,NA,KPÖ,V,N
Hopfer Sepp,Hopfer,Sepp,NA,SPÖ,VII,St
Horejs Karl,Horejs,Karl,NA,SPÖ,IX,T
Hörl Franz,Hörl,Franz,NA,ÖVP,XXIII,T
Horn Alfred,Horn,Alfred,NA,SPÖ,V,N
Horn Josef,Horn,Josef,NA,SPÖ,XXI,St
Hornegger Franz,Hornegger,Franz,NA,F,XXI,S
Hornek Erwin,Hornek,Erwin,NA,ÖVP,XXI,N
Horngacher Katharina,Horngacher,Katharina,NA,ÖVP,XX,T
Horr Franz,Horr,Franz,NA,SPÖ,VII,N
Horvatek Norbert,Horvatek,Norbert,NA,SdP,III,St
"Horvath Waltraud, Mag. siehe Schütz Waltraud, Mag.",Horvath,Waltraud,Mag.,SPÖ,XVII,O
Hosch Kaspar,Hosch,Kaspar,NA,CSP,I,St
"Hoscher Dietmar, Mag.",Hoscher,Dietmar,Mag.,SPÖ,XXII,W
"Hosp Maria, Dr.",Hosp,Maria,Dr.,ÖVP,XVI,V
Hostasch Eleonora,Hostasch,Eleonora,NA,SPÖ,XVII,W
Hoyos-Trauttmansdorff Douglas,Hoyos-Trauttmansdorff,Douglas,NA,NEOS,XXVI,BWV
Hradecsni Bettina,Hradecsni,Bettina,NA,GRÜNE,XXIII,N
"Hryntschak Alexander, Dr.",Hryntschak,Alexander,Dr.,CSP,III,1
"Huainigg Franz-Joseph, Dr.",Huainigg,Franz-Joseph,Dr.,ÖVP,XXII,BWV
Huber Alois,Huber,Alois,NA,FPÖ,XVI,K
Huber Anna,Huber,Anna,NA,SPÖ,XVIII,St
Huber Gerhard,Huber,Gerhard,NA,BZÖ,XXIV,T
Huber Hubert,Huber,Hubert,NA,ÖVP,XII,T
"Hubinek Marga, Dr.",Hubinek,Marga,Dr.,ÖVP,XII,W
Hubmann Georg,Hubmann,Georg,NA,SdP,I,K
"Hübner Johannes, Dr.",Hübner,Johannes,Dr.,FPÖ,XXIV,W
Hueber Anton,Hueber,Anton,NA,SdP,I,W
"Hueber Franz, Dr.",Hueber,Franz,Dr.,HB,IV,3
Huemer Alois,Huemer,Alois,NA,ÖVP,VII,O
Huemer Oskar,Huemer,Oskar,NA,WdU,VI,O
Hummer Josef,Hummer,Josef,NA,ÖVP,V,O
Hums Franz,Hums,Franz,NA,SPÖ,XVIII,2
Hundstorfer Rudolf,Hundstorfer,Rudolf,NA,SPÖ,XXV,W
"Hurdes Felix, Dr.",Hurdes,Felix,Dr.,ÖVP,V,W
Hursky Christian,Hursky,Christian,NA,SPÖ,XXIII,W
"Hütl Günther, Dipl.-Ing.",Hütl,Günther,Dipl.-Ing.,ÖVP,XXII,N
"Hutterer Klaus, Dipl.-Ing. Dr.",Hutterer,Klaus,Dipl.-Ing. Dr.,SPÖ,XVII,St
"Ikrath Peter Michael, Mag.",Ikrath,Peter Michael,Mag.,ÖVP,XXII,W
"Illmer Hans, Ing.",Illmer,Hans,Ing.,CSP,II,T
"Iro Jörg, Dr.",Iro,Jörg,Dr.,ÖVP,XIII,O
Irsa Karl,Irsa,Karl,NA,CSP,I,O
"Jachs Johanna, Mag.",Jachs,Johanna,Mag.,ÖVP,XXVI,O
Jäger Inge,Jäger,Inge,NA,SPÖ,XX,O
Janecek Johann,Janecek,Johann,NA,SdP,III,W
Janicki Oskar,Janicki,Oskar,NA,SdP,III,3
Jank Brigitte,Jank,Brigitte,NA,ÖVP,XXV,W
"Jankowitsch Peter, Dr.",Jankowitsch,Peter,Dr.,SPÖ,XVI,W
Jannach Harald,Jannach,Harald,NA,FPÖ,XXIV,BWV
Janschitz Robert,Janschitz,Robert,NA,SPÖ,VII,K
"Jarmer Helene, Mag.",Jarmer,Helene,Mag.,GRÜNE,XXIV,BWV
"Jarolim Johannes, Dr.",Jarolim,Johannes,Dr.,SPÖ,XIX,W
"Jeitler-Cincelli Carmen, Mag., BA",Jeitler-Cincelli,Carmen,"Mag., BA",ÖVP,XXVI,N
"Jenewein Hans-Jörg, MA",Jenewein,Hans-Jörg,MA,FPÖ,XXIV,W
"Jerzabek Anton, Dr.",Jerzabek,Anton,Dr.,CSP,I,W
Jessner Max,Jessner,Max,NA,SPÖ,VIII,St
Jiricek Hans,Jiricek,Hans,NA,SdP,III,W
Jochmann Rosa,Jochmann,Rosa,NA,SPÖ,V,N
Jonas Franz,Jonas,Franz,NA,SPÖ,VII,W
"Josseck Helmuth, Dipl.-Vw.",Josseck,Helmuth,Dipl.-Vw.,FPÖ,XIII,2
Jung Wolfgang,Jung,Wolfgang,NA,F,XIX,W
Jungwirth Hans,Jungwirth,Hans,NA,SPÖ,X,T
Jury Josef,Jury,Josef,NA,BZÖ,XXIV,K
Jutz Michael,Jutz,Michael,NA,CSP,I,V
"Kabas Hilmar, Mag.",Kabas,Hilmar,Mag.,FPÖ,XVI,1
Kabesch Erich,Kabesch,Erich,NA,ÖVP,XI,W
Kaineder Stefan,Kaineder,Stefan,NA,GRÜNE,XXVII,O
Kainz Alois,Kainz,Alois,NA,FPÖ,XXVI,N
Kainz Christoph,Kainz,Christoph,NA,ÖVP,XXII,N
"Kaipel Erwin, Ing.",Kaipel,Erwin,Ing.,SPÖ,XIX,B
"Kaiser Richard, Dipl.-Ing.",Kaiser,Richard,Dipl.-Ing.,ÖVP,XVI,N
Kammerhofer Johann,Kammerhofer,Johann,NA,ÖVP,XIII,2
"Kammerlander Doris, Mag.",Kammerlander,Doris,Mag.,GRÜNE,XIX,BWV
Kampichler Franz,Kampichler,Franz,NA,ÖVP,XVIII,N
Kampitsch Julius,Kampitsch,Julius,NA,HB,IV,2
"Kandutsch Jörg, Dr.",Kandutsch,Jörg,Dr.,WdU,VII,4
"Kaniak Gerhard, Mag.",Kaniak,Gerhard,Mag.,FPÖ,XXVI,O
"Kapaun Heinz, Dr.",Kapaun,Heinz,Dr.,SPÖ,XIV,1
"Kapeller Norbert, Ing.",Kapeller,Norbert,Ing.,ÖVP,XXII,O
Kapral Emma,Kapral,Emma,NA,CSP,IV,1
Kapsreiter Gustav,Kapsreiter,Gustav,NA,ÖVP,V,O
"Karas Othmar, Dr., MBL-HSG",Karas,Othmar,"Dr., MBL-HSG",ÖVP,XVI,1
"Karasek Franz, Dr.",Karasek,Franz,Dr.,ÖVP,XII,W
"Karl Beatrix, Mag. Dr.",Karl,Beatrix,Mag. Dr.,ÖVP,XXIII,BWV
Karl Elfriede,Karl,Elfriede,NA,SPÖ,XIII,S
"Karlsböck Andreas F., Dr.",Karlsböck,Andreas F.,Dr.,FPÖ,XXIV,W
"Karlsson Irmtraut, Dr.",Karlsson,Irmtraut,Dr.,SPÖ,XVIII,W
"Kassegger Axel, MMMag. Dr.",Kassegger,Axel,MMMag. Dr.,FPÖ,XXV,St
Katzengruber Franz,Katzengruber,Franz,NA,SPÖ,VII,V
Katzian Wolfgang,Katzian,Wolfgang,NA,SPÖ,XXII,BWV
"Kaufmann Herbert, Mag.",Kaufmann,Herbert,Mag.,SPÖ,XIX,N
"Kaufmann Martina, MMSc BA",Kaufmann,Martina,MMSc BA,ÖVP,XXVI,St
"Kaufmann Paul, Dr.",Kaufmann,Paul,Dr.,ÖVP,XIII,St
Kaufmann-Bruckberger Elisabeth,Kaufmann-Bruckberger,Elisabeth,NA,BZÖ,XXIV,BWV
Kecht Anton,Kecht,Anton,NA,ÖVP,VIII,T
Keck Dietmar,Keck,Dietmar,NA,SPÖ,XXII,O
"Keimel Otto, Dipl.-Kfm. Dr.",Keimel,Otto,Dipl.-Kfm. Dr.,ÖVP,XII,T
"Keller Heinrich, Dr.",Keller,Heinrich,Dr.,SPÖ,XVII,K
Keller Otto,Keller,Otto,NA,ÖVP,XV,T
"Keppelmüller Peter, Dipl.-Ing. Dr.",Keppelmüller,Peter,Dipl.-Ing. Dr.,SPÖ,XVI,O
"Kern Christian, Mag.",Kern,Christian,Mag.,SPÖ,XXVI,BWV
Kern Felix,Kern,Felix,NA,CSP,III,O
Kern Leopold,Kern,Leopold,NA,ÖVP,X,N
Kerschbaum Josef,Kerschbaum,Josef,NA,SPÖ,XVII,N
"Kerstnig Hans, Dr.",Kerstnig,Hans,Dr.,SPÖ,XII,K
Keuschnigg Georg,Keuschnigg,Georg,NA,ÖVP,XXII,T
"Khol Andreas, Dr.",Khol,Andreas,Dr.,ÖVP,XVI,T
Kickl Herbert,Kickl,Herbert,NA,FPÖ,XXIII,BWV
"Kienböck Viktor, Dr.",Kienböck,Viktor,Dr.,CSP,II,W
"Kier Volker, Dr.",Kier,Volker,Dr.,L,XIX,W
Kiermaier Günter,Kiermaier,Günter,NA,SPÖ,XVIII,N
"Killisch-Horn Michael, Dipl.-Vw.",Killisch-Horn,Michael,Dipl.-Vw.,ÖVP,XVII,T
Kindl Wilhelm,Kindl,Wilhelm,NA,WdU,VII,2
Kinzl Karl,Kinzl,Karl,NA,ÖVP,XI,O
Kirchbaumer Rebecca,Kirchbaumer,Rebecca,NA,ÖVP,XXVI,T
Kirchgatterer Franz,Kirchgatterer,Franz,NA,SPÖ,XXIII,O
Kirchknopf Josef,Kirchknopf,Josef,NA,ÖVP,XVI,B
Kiss Paul,Kiss,Paul,NA,ÖVP,XVII,B
Kittl Eduard,Kittl,Eduard,NA,SPÖ,XIII,S
Kitzmüller Anneliese,Kitzmüller,Anneliese,NA,FPÖ,XXIV,O
"Klaus Josef, Dr.",Klaus,Josef,Dr.,ÖVP,X,S
"Klausberger Gerhard, Mag.",Klausberger,Gerhard,Mag.,SPÖ,XVII,O
Klautzer Franz,Klautzer,Franz,NA,WdU,VI,St
Klein Anneliese,Klein,Anneliese,NA,F,XX,N
"Kleiner Viktor, Dr.",Kleiner,Viktor,Dr.,SPÖ,X,3
"Klein-Löw Stella, Dr.",Klein-Löw,Stella,Dr.,SPÖ,IX,1
Kleissl Robert,Kleissl,Robert,NA,CSP,I,T
"Klement Karlheinz, Dipl.-Ing., MAS",Klement,Karlheinz,"Dipl.-Ing., MAS",FPÖ,XXIII,BWV
Klenner Fritz,Klenner,Fritz,NA,SPÖ,VIII,W
Kletzmayr Hermann,Kletzmayr,Hermann,NA,CSP,I,O
Klieber Mauritius,Klieber,Mauritius,NA,CSP,II,N
Klikovits Oswald,Klikovits,Oswald,NA,ÖVP,XXIV,B
"Klima Viktor, Mag.",Klima,Viktor,Mag.,SPÖ,XIX,N
Klimann Thomas,Klimann,Thomas,NA,GdP,II,K
Klimberger Karl,Klimberger,Karl,NA,SdP,III,W
"Klinger Wolfgang, Ing.",Klinger,Wolfgang,Ing.,FPÖ,XXV,O
Klomfar Helmut,Klomfar,Helmut,NA,ÖVP,XVIII,W
"Klug Gerald, Mag.",Klug,Gerald,Mag.,SPÖ,XXV,St
Klug Simon,Klug,Simon,NA,CSP,I,St
Knechtelsdorfer Karl,Knechtelsdorfer,Karl,NA,SPÖ,VII,T
Knerzl Anton,Knerzl,Anton,NA,F,XXI,St
Knes Wolfgang,Knes,Wolfgang,NA,SPÖ,XXV,K
"Kneußl Erich, Dr.",Kneußl,Erich,Dr.,CSP,III,T
"Knoll Gertraud, Mag.",Knoll,Gertraud,Mag.,SPÖ,XXIII,BWV
Knoll Josef,Knoll,Josef,NA,ÖVP,XII,O
"Knoll-Lacina Gertraud, Mag. siehe Knoll Gertraud, Mag.",Knoll-Lacina,Gertraud,Mag.,SPÖ,XXIII,BWV
Knosp Josef,Knosp,Josef,NA,CSP,IV,3
Köchl Klaus,Köchl,Klaus,NA,SPÖ,XXVII,K
Köchl Matthias,Köchl,Matthias,NA,GRÜNE,XXV,K
Köck Franz,Köck,Franz,NA,SPÖ,XIII,O
Köck Ignaz,Köck,Ignaz,NA,ÖVP,VII,W
Köfer Gerhard,Köfer,Gerhard,NA,SPÖ,XXIII,K
"Kogler Werner, Mag.",Kogler,Werner,Mag.,GRÜNE,XXI,St
"Kohlmaier Herbert, Dr.",Kohlmaier,Herbert,Dr.,ÖVP,XI,W
Kokail Siegfried,Kokail,Siegfried,NA,SPÖ,XIV,St
"Kolassa Viktor, Dr.",Kolassa,Viktor,Dr.,CSP,IV,W
"Kolb Ernst, Dr.",Kolb,Ernst,Dr.,ÖVP,V,V
"Kolb Franz, Dr.",Kolb,Franz,Dr.,CSP,III,T
"Kolba Peter, Dr.",Kolba,Peter,Dr.,PILZ,XXVI,N
Kollarz Friedrich,Kollarz,Friedrich,NA,OK,I,RSM
Koller Emmerich,Koller,Emmerich,NA,SPÖ,XIV,B
Koller Franz,Koller,Franz,NA,F,XX,St
Koller Franz,Koller,Franz,NA,ÖVP,XII,St
Kollmann Alfred,Kollmann,Alfred,NA,SPÖ,XVIII,2
Kollmann Josef,Kollmann,Josef,NA,CSP,I,N
"Köllner Maximilian, MA",Köllner,Maximilian,MA,SPÖ,XXVII,B
Kollross Andreas,Kollross,Andreas,NA,SPÖ,XXVI,N
Konecny Albrecht,Konecny,Albrecht,NA,SPÖ,XVI,W
Konecny Helene,Konecny,Helene,NA,SPÖ,XVIII,N
König Berthold,König,Berthold,NA,SdP,IV,W
"König Friedrich, Dipl.-Kfm. DDr.",König,Friedrich,Dipl.-Kfm. DDr.,ÖVP,XII,W
Königsberger-Ludwig Ulrike,Königsberger-Ludwig,Ulrike,NA,SPÖ,XXII,N
"Königshofer Werner, DDr.",Königshofer,Werner,DDr.,FPÖ,XXIV,T
Konir Fritz,Konir,Fritz,NA,SPÖ,IX,N
"Konrad Helga, Dr.",Konrad,Helga,Dr.,SPÖ,XVIII,St
Kopf Karlheinz,Kopf,Karlheinz,NA,ÖVP,XIX,V
"Kopf Rudolf, Dr.",Kopf,Rudolf,Dr.,WdU,VI,V
Koplenig Johann,Koplenig,Johann,NA,KPÖ,V,1
Koppensteiner Gerhard,Koppensteiner,Gerhard,NA,ÖVP,XV,K
Koppler Erhard,Koppler,Erhard,NA,SPÖ,XVII,O
"Koref Ernst, Dr.",Koref,Ernst,Dr.,SdP,IV,O
"Koren Hanns, Dr.",Koren,Hanns,Dr.,ÖVP,VII,St
"Koren Stephan, Dipl.-Vw. Dr.",Koren,Stephan,Dipl.-Vw. Dr.,ÖVP,XII,N
"Körner Theodor, Dr. h.c.",Körner,Theodor,Dr. h.c.,SPÖ,V,W
Korosec Ingrid,Korosec,Ingrid,NA,ÖVP,XVII,1
"Kortschak Franz, Ing.",Kortschak,Franz,Ing.,ÖVP,VI,4
"Korun Alev, Mag.",Korun,Alev,Mag.,GRÜNE,XXIV,BWV
"Kos Wilhelm, Dr.",Kos,Wilhelm,Dr.,FPÖ,IX,3
Kößl Günter,Kößl,Günter,NA,ÖVP,XXI,N
Kostelecky Josef,Kostelecky,Josef,NA,SPÖ,XI,W
"Kostelka Peter, Dr.",Kostelka,Peter,Dr.,SPÖ,XIX,BWV
Köstinger Elisabeth,Köstinger,Elisabeth,NA,ÖVP,XXVI,K
Köstler Maria,Köstler,Maria,NA,SdP,IV,St
Kostroun Ludwig,Kostroun,Ludwig,NA,SPÖ,V,W
Köteles Johann,Köteles,Johann,NA,SPÖ,XVII,St
Kottek Franz,Kottek,Franz,NA,SPÖ,XV,2
"Kottulinsky Hans, Dipl.-Ing.",Kottulinsky,Hans,Dipl.-Ing.,ÖVP,V,St
"Kotzina Vinzenz, Dr.",Kotzina,Vinzenz,Dr.,ÖVP,X,O
Kovacevic Christian,Kovacevic,Christian,NA,SPÖ,XXVI,T
Kövari Susanne,Kövari,Susanne,NA,SPÖ,XVI,2
"Kowald Ludwig, Ing.",Kowald,Ludwig,Ing.,ÖVP,XVI,St
"Koza Markus, Mag.",Koza,Markus,Mag.,GRÜNE,XXVII,BWV
Kraft Emil,Kraft,Emil,NA,GdP,I,St
Kraft Hermann,Kraft,Hermann,NA,ÖVP,XIII,O
"Krainer Josef, Dr.",Krainer,Josef,Dr.,ÖVP,XII,St
Krainer Kai Jan,Krainer,Kai Jan,NA,SPÖ,XXII,W
"Krammer Christa, Dr.",Krammer,Christa,Dr.,SPÖ,XIX,B
Krammer Karl,Krammer,Karl,NA,SPÖ,VIII,O
Kranebitter Franz,Kranebitter,Franz,NA,ÖVP,V,T
"Kranzlmayr Otto, Dr.",Kranzlmayr,Otto,Dr.,ÖVP,VII,O
Kratky Josef,Kratky,Josef,NA,SPÖ,IX,W
"Krauland Peter, Dr.",Krauland,Peter,Dr.,ÖVP,V,W
"Kraus Herbert Alois, Dr.",Kraus,Herbert Alois,Dr.,WdU,VI,O
Kraus Josef,Kraus,Josef,NA,CSP,IV,N
Krauss Maximilian,Krauss,Maximilian,NA,FPÖ,XXVI,BWV
"Kräuter Günther, Dr.",Kräuter,Günther,Dr.,SPÖ,XVIII,St
Kräutl Adolf,Kräutl,Adolf,NA,SPÖ,XV,St
"Kreisky Bruno, Dr.",Kreisky,Bruno,Dr.,SPÖ,VIII,N
Krempl Matthias,Krempl,Matthias,NA,ÖVP,X,St
Kren Maria,Kren,Maria,NA,SPÖ,VI,N
Krenn Barbara,Krenn,Barbara,NA,ÖVP,XXVI,St
Krenn Erika,Krenn,Erika,NA,SPÖ,XVI,W
"Krenn Willibald, Ing.",Krenn,Willibald,Ing.,SPÖ,XV,St
Kreutzberger Friedrich,Kreutzberger,Friedrich,NA,CSP,IV,3
Krippner Franz,Krippner,Franz,NA,ÖVP,VI,W
Krisch Karl,Krisch,Karl,NA,SPÖ,V,W
"Krismanich Elfriede, Mag.",Krismanich,Elfriede,Mag.,SPÖ,XVII,B
"Krisper Stephanie, Dr.",Krisper,Stephanie,Dr.,NEOS,XXVI,W
Krist Hermann,Krist,Hermann,NA,SPÖ,XXII,O
"Kristofics-Binder Rudolf, Dipl.-Kfm.",Kristofics-Binder,Rudolf,Dipl.-Kfm.,ÖVP,V,W
Kriz Georg,Kriz,Georg,NA,SPÖ,XII,N
Kroboth Rudolf,Kroboth,Rudolf,NA,CSP,II,B
Kröll Hermann,Kröll,Hermann,NA,ÖVP,XX,St
Krones Hilde,Krones,Hilde,NA,SPÖ,V,W
Krottendorfer Leopold,Krottendorfer,Leopold,NA,ÖVP,X,N
"Krüger Michael, Dr.",Krüger,Michael,Dr.,F,XIX,O
"Krünes Helmut, Dipl.-Ing. Dr.",Krünes,Helmut,Dipl.-Ing. Dr.,FPÖ,XVII,2
"Krüzner Alexander, Dr.",Krüzner,Alexander,Dr.,CSP,I,B
Kuba Heinrich,Kuba,Heinrich,NA,SPÖ,XV,N
"Kubitschek Maria, Mag.",Kubitschek,Maria,Mag.,SPÖ,XXI,BWV
Kucharowits Katharina,Kucharowits,Katharina,NA,SPÖ,XXV,BWV
Kucher Philip,Kucher,Philip,NA,SPÖ,XXV,K
"Kugler Gudrun, Dr.",Kugler,Gudrun,Dr.,ÖVP,XXVI,W
Kühberger Andreas,Kühberger,Andreas,NA,ÖVP,XXVI,St
"Kukacka Helmut, Mag.",Kukacka,Helmut,Mag.,ÖVP,XVIII,O
Kulhanek Hans,Kulhanek,Hans,NA,ÖVP,VIII,1
Kummer Franz,Kummer,Franz,NA,ÖVP,V,St
"Kummer Karl, Dr.",Kummer,Karl,Dr.,ÖVP,VIII,1
"Kummerer Werner, Dipl.-Ing.",Kummerer,Werner,Dipl.-Ing.,SPÖ,XIX,N
"Kumpitsch Günther, Mag.",Kumpitsch,Günther,Mag.,FPÖ,XXV,St
Kunasek Mario,Kunasek,Mario,NA,FPÖ,XXIV,St
"Künsberg Sarre Martina, Mag.",Künsberg,Sarre Martina,Mag.,NEOS,XXVII,N
Kunschak Leopold,Kunschak,Leopold,NA,CSP,I,W
"Kunst Josef, Ing.",Kunst,Josef,Ing.,SPÖ,IX,T
Kunstätter Harald,Kunstätter,Harald,NA,SPÖ,XIII,K
"Kuntzl Andrea, Mag.",Kuntzl,Andrea,Mag.,SPÖ,XXI,BWV
Kurz Sebastian,Kurz,Sebastian,NA,ÖVP,XXV,W
Kurzbauer Johann,Kurzbauer,Johann,NA,ÖVP,XIX,N
"Kurzmann Gerhard, Dr.",Kurzmann,Gerhard,Dr.,F,XX,St
"Kuss-Bergner Angelika, BEd",Kuss-Bergner,Angelika,BEd,ÖVP,XXVI,K
Kuttner Astrid,Kuttner,Astrid,NA,GRÜNE,XVII,2
"Kuzdas Hubert, Ing. Mag.",Kuzdas,Hubert,Ing. Mag.,SPÖ,XXIII,N
Kysela Karl,Kysela,Karl,NA,SPÖ,V,W
"Lach Franz, Dr.",Lach,Franz,Dr.,ÖVP,V,St
"Lacina Ferdinand, Dipl.-Kfm.",Lacina,Ferdinand,Dipl.-Kfm.,SPÖ,XIX,St
"Lackner Friedrich, Ing.",Lackner,Friedrich,Ing.,GdP,I,RSM
Lackner Hermann,Lackner,Hermann,NA,SPÖ,VI,St
"Lackner Josef, Dipl.-Vw. Dr.",Lackner,Josef,Dipl.-Vw. Dr.,ÖVP,XVII,T
Lackner Manfred,Lackner,Manfred,NA,SPÖ,XX,V
Lafer Franz,Lafer,Franz,NA,F,XIX,St
Lafer Karl,Lafer,Karl,NA,ÖVP,XIV,St
Lagger Hans,Lagger,Hans,NA,SdP,III,K
Laimer Hans,Laimer,Hans,NA,SdP,I,O
Laimer Robert,Laimer,Robert,NA,SPÖ,XXVI,N
Lakowitsch Karl,Lakowitsch,Karl,NA,ÖVP,V,W
Lampl Franz,Lampl,Franz,NA,CSP,II,St
Lanc Erwin,Lanc,Erwin,NA,SPÖ,XI,W
Landgraf Konrad,Landgraf,Konrad,NA,ÖVP,XIV,O
Landmann Paul,Landmann,Paul,NA,ÖVP,XI,3
"Langreiter Hans, Mag.",Langreiter,Hans,Mag.,ÖVP,XXI,S
"Langthaler Monika, Ing.",Langthaler,Monika,Ing.,GRÜNE,XVIII,N
Lanner Anton,Lanner,Anton,NA,OK,I,St
"Lanner Sixtus, Dr.",Lanner,Sixtus,Dr.,ÖVP,XIII,T
"Lapp Christine, Mag., MA",Lapp,Christine,"Mag., MA",SPÖ,XXI,W
Lasar David,Lasar,David,NA,FPÖ,XXV,W
Laser Adolf,Laser,Adolf,NA,SdP,III,2
Lausch Christian,Lausch,Christian,NA,FPÖ,XXIV,N
Lausecker Karl,Lausecker,Karl,NA,SPÖ,XIII,W
Lautenschlager Hartmann,Lautenschlager,Hartmann,NA,FPÖ,XXIII,T
"Lechner Franz, Dipl.-Ing. Dr.",Lechner,Franz,Dipl.-Ing. Dr.,ÖVP,VII,T
Ledolter Johann,Ledolter,Johann,NA,ÖVP,XXII,N
Lehr Friedrich,Lehr,Friedrich,NA,SPÖ,XII,N
"Leibenfrost Albert, Dr.",Leibenfrost,Albert,Dr.,ÖVP,XIV,O
"Leichtfried Jörg, Mag.",Leichtfried,Jörg,Mag.,SPÖ,XXVI,St
Leikam Anton,Leikam,Anton,NA,SPÖ,XVII,K
Leimböck Ernst,Leimböck,Ernst,NA,ÖVP,XI,S
"Leiner Günther, Dr.",Leiner,Günther,Dr.,ÖVP,XVIII,S
Leisser Franz,Leisser,Franz,NA,ÖVP,VIII,N
Leithenmayr Hermann,Leithenmayr,Hermann,NA,SPÖ,XVI,O
"Leitner Alois, Dipl.-Ing. Dr.",Leitner,Alois,Dipl.-Ing. Dr.,ÖVP,X,T
Leitner Peter,Leitner,Peter,NA,ÖVP,XIX,St
Lengauer Josef,Lengauer,Josef,NA,HB,IV,St
Lentsch Edeltraud,Lentsch,Edeltraud,NA,ÖVP,XIX,BWV
Lenz Hans,Lenz,Hans,NA,SdP,I,N
"Lenzi Josef, Dr.",Lenzi,Josef,Dr.,SPÖ,XIV,T
Lercher Maximilian,Lercher,Maximilian,NA,SPÖ,XXVII,St
"Leser Ludwig, Dr. h.c.",Leser,Ludwig,Dr. h.c.,SPÖ,V,B
Leskovar Adolf,Leskovar,Adolf,NA,CSP,III,4
"Letmaier Josef, Ing.",Letmaier,Josef,Ing.,ÖVP,XII,St
"Lettenbichler Josef, Mag.",Lettenbichler,Josef,Mag.,ÖVP,XXIV,T
Leutgeb Leopold,Leutgeb,Leopold,NA,CSP,IV,N
Leutgöb Karl,Leutgöb,Karl,NA,F,XX,N
Leuthner Karl,Leuthner,Karl,NA,SdP,I,W
"Leutner Richard, Dr.",Leutner,Richard,Dr.,SPÖ,XXII,BWV
Lexer Reinhold,Lexer,Reinhold,NA,ÖVP,XXI,K
Libal Otto,Libal,Otto,NA,SPÖ,X,O
"Lichal Robert, Dr.",Lichal,Robert,Dr.,ÖVP,XV,N
"Lichtenberger Evelin, Dr.",Lichtenberger,Evelin,Dr.,GRÜNE,XXI,T
"Lichtenecker Ruperta, Dr.",Lichtenecker,Ruperta,Dr.,GRÜNE,XXIII,O
Lichtenegger Elmar,Lichtenegger,Elmar,NA,F,XXII,BWV
Lichtenegger Fritz,Lichtenegger,Fritz,NA,HB,IV,2
"Liechtenstein Vincenz, Dr.",Liechtenstein,Vincenz,Dr.,ÖVP,XXII,St
Lieschnegg Karl,Lieschnegg,Karl,NA,CSP,I,St
Linder Anton,Linder,Anton,NA,SPÖ,V,V
Linder Maximilian,Linder,Maximilian,NA,BZÖ,XXIV,K
"Lindinger Klaus, Ing., BSc",Lindinger,Klaus,"Ing., BSc",ÖVP,XXVI,O
Lindner Mario,Lindner,Mario,NA,SPÖ,XXVI,BWV
Lins Herbert,Lins,Herbert,NA,ÖVP,VII,V
Linsbauer Franz,Linsbauer,Franz,NA,ÖVP,XI,W
"Linser Franz, Dr.",Linser,Franz,Dr.,F,XX,BWV
"Lintl Jessi, Dr.",Lintl,Jessi,Dr.,STRONACH,XXV,W
Lipitsch Hermann,Lipitsch,Hermann,NA,SPÖ,XXIV,K
"List Daniela, Ing.",List,Daniela,Ing.,ÖVP,XXVI,St
List Kurt,List,Kurt,NA,BZÖ,XXIV,St
"Litschauer Martin, Ing.",Litschauer,Martin,Ing.,GRÜNE,XXVII,N
Liwanec Willi,Liwanec,Willi,NA,SPÖ,XI,W
"Loacker Gerald, Mag.",Loacker,Gerald,Mag.,NEOS-LIF,XXV,V
"Löffler Robert, Dipl.-Kfm.",Löffler,Robert,Dipl.-Kfm.,ÖVP,XV,N
"Lohfeyer Rosa, Mag.",Lohfeyer,Rosa,Mag.,SPÖ,XXIII,S
Loos Johann,Loos,Johann,NA,ÖVP,XXI,B
"Lopatka Reinhold, Dr.",Lopatka,Reinhold,Dr.,ÖVP,XXII,BWV
"Löschnak Franz, Dr.",Löschnak,Franz,Dr.,SPÖ,XV,W
"Ludwig Eduard, Dr.",Ludwig,Eduard,Dr.,ÖVP,V,W
Ludwig Hans,Ludwig,Hans,NA,SPÖ,XVI,W
Lueger Angela,Lueger,Angela,NA,SPÖ,XXIII,W
"Lugar Robert, Ing.",Lugar,Robert,Ing.,BZÖ,XXIV,N
Luhamer Josef,Luhamer,Josef,NA,ÖVP,X,O
Lukas Leo,Lukas,Leo,NA,SPÖ,XI,K
"Lukesch Dieter, Dipl.-Vw. Dr.",Lukesch,Dieter,Dipl.-Vw. Dr.,ÖVP,XVIII,T
Lump Anton,Lump,Anton,NA,GdP,I,N
"Lunacek Ulrike, Mag.",Lunacek,Ulrike,Mag.,GRÜNE,XXI,BWV
Luptowits Michael,Luptowits,Michael,NA,SPÖ,XI,K
Lussmann Hermann,Lussmann,Hermann,NA,ÖVP,XV,St
Luttenberger Franz,Luttenberger,Franz,NA,CSP,I,St
Machne Helga,Machne,Helga,NA,ÖVP,XXII,BWV
Machunze Erwin,Machunze,Erwin,NA,ÖVP,VI,1
Mackowitz Rudolf,Mackowitz,Rudolf,NA,ÖVP,VII,T
"Maderner Josef, DDr.",Maderner,Josef,DDr.,SPÖ,XIII,K
"Maderthaner Leopold, Ing.",Maderthaner,Leopold,Ing.,ÖVP,XVII,N
Maderthaner Michael,Maderthaner,Michael,NA,SPÖ,XIII,St
Madl Elfriede,Madl,Elfriede,NA,F,XIX,O
Mädl Jakob,Mädl,Jakob,NA,ÖVP,VII,B
Mahnert Klaus,Mahnert,Klaus,NA,FPÖ,IX,3
"Mahrer Karl, BA",Mahrer,Karl,BA,ÖVP,XXVI,W
"Maier Anton, Dr.",Maier,Anton,Dr.,CSP,I,St
"Maier Ferdinand, Dr.",Maier,Ferdinand,Dr.,ÖVP,XXII,W
Maier Franz,Maier,Franz,NA,LBd,II,3
"Maier Johann, Mag.",Maier,Johann,Mag.,SPÖ,XX,S
Maier Kurt,Maier,Kurt,NA,SPÖ,XIII,S
"Mainoni Eduard, Mag.",Mainoni,Eduard,Mag.,F,XXI,S
Mairinger Max,Mairinger,Max,NA,ÖVP,V,O
Maisel Karl,Maisel,Karl,NA,SPÖ,V,W
"Maitz Karl, Dr.",Maitz,Karl,Dr.,ÖVP,XIX,St
"Maleta Alfred, Dr.",Maleta,Alfred,Dr.,ÖVP,V,3
Mandak Sabine,Mandak,Sabine,NA,GRÜNE,XXII,V
Mandl Wilhelm,Mandl,Wilhelm,NA,ÖVP,XI,St
Manhalter Rudolf,Manhalter,Rudolf,NA,CSP,III,N
Manndorff Ferdinand,Manndorff,Ferdinand,NA,ÖVP,XV,N
Marberger Karl,Marberger,Karl,NA,ÖVP,X,T
Marchetti Nico,Marchetti,Nico,NA,ÖVP,XXVI,W
Marchner Rudolf,Marchner,Rudolf,NA,SPÖ,V,St
Marek Christine,Marek,Christine,NA,ÖVP,XXII,W
"Margaretha Eugen, Dr.",Margaretha,Eugen,Dr.,ÖVP,V,W
Margreiter Doris,Margreiter,Doris,NA,SPÖ,XXVI,O
"Margreiter Johannes, Dr.",Margreiter,Johannes,Dr.,NEOS,XXVII,T
Marizzi Peter,Marizzi,Peter,NA,SPÖ,XVII,N
Mark Karl,Mark,Karl,NA,SPÖ,V,W
Märk Elisabeth,Märk,Elisabeth,NA,SPÖ,XIX,V
Markowitz Stefan,Markowitz,Stefan,NA,BZÖ,XXIV,BWV
Markschläger Rudolf,Markschläger,Rudolf,NA,CSP,I,O
Marktschläger Rudolf,Marktschläger,Rudolf,NA,ÖVP,V,O
Marolt Heinz Anton,Marolt,Heinz Anton,NA,F,XX,K
Marsch Fritz,Marsch,Fritz,NA,SPÖ,XIII,N
Marwan-Schlosser Rudolf,Marwan-Schlosser,Rudolf,NA,ÖVP,X,N
"Mataja Heinrich, Dr.",Mataja,Heinrich,Dr.,CSP,I,W
Matejcek Josef,Matejcek,Josef,NA,SPÖ,IX,W
"Mathis Kurt, Ing.",Mathis,Kurt,Ing.,ÖVP,XVIII,V
Matt Josef,Matt,Josef,NA,ÖVP,V,K
Matzenauer Hans,Matzenauer,Hans,NA,SPÖ,XV,W
"Matznetter Christoph, Dr.",Matznetter,Christoph,Dr.,SPÖ,XXII,BWV
"Maurer Hans, abs. iur.",Maurer,Hans,abs. iur.,ÖVP,V,St
"Maurer Sigrid, BA",Maurer,Sigrid,BA,GRÜNE,XXV,BWV
"Mautner Markhof Georg, Dipl.-Kfm.",Mautner,Markhof Georg,Dipl.-Kfm.,FPÖ,XVIII,W
Mayer Elmar,Mayer,Elmar,NA,SPÖ,XXIII,V
Mayer Ferdinand,Mayer,Ferdinand,NA,ÖVP,VIII,N
Mayer Josef,Mayer,Josef,NA,GdP,I,O
Mayer Ludwig,Mayer,Ludwig,NA,ÖVP,V,T
Mayer Norbert,Mayer,Norbert,NA,ÖVP,V,N
"Mayer Oskar, Dr.",Mayer,Oskar,Dr.,ÖVP,XVII,W
Mayer Peter,Mayer,Peter,NA,ÖVP,XXIV,O
Mayerhofer Leopold,Mayerhofer,Leopold,NA,FPÖ,XXIII,N
Mayr Franz,Mayr,Franz,NA,ÖVP,VII,O
Mayr Hans,Mayr,Hans,NA,SPÖ,XIII,W
"Mayr Michael, Dr.",Mayr,Michael,Dr.,CSP,I,T
Mayr Otto,Mayr,Otto,NA,CSP,I,S
Mayrhofer Franz,Mayrhofer,Franz,NA,CSP,III,N
Mayrhofer Hans,Mayrhofer,Hans,NA,SdP,I,O
"Meinl-Reisinger Beate, Mag., MES",Meinl-Reisinger,Beate,"Mag., MES",NEOS-LIF,XXV,BWV
"Meischberger Walter, Ing.",Meischberger,Walter,Ing.,FPÖ,XVIII,T
Meisinger Josef,Meisinger,Josef,NA,FPÖ,XVIII,2
Meißl Othmar,Meißl,Othmar,NA,FPÖ,X,4
Meißner Theodor,Meißner,Theodor,NA,SdP,II,B
Meissner-Blau Freda,Meissner-Blau,Freda,NA,GRÜNE,XVII,N
Melchior Alexander,Melchior,Alexander,NA,ÖVP,XXVII,BWV
Melter Werner,Melter,Werner,NA,FPÖ,XI,3
Mentasti Alois,Mentasti,Alois,NA,SPÖ,VI,N
Mentil Hermann,Mentil,Hermann,NA,F,XIX,N
"Mertel Ilse, Dr.",Mertel,Ilse,Dr.,SPÖ,XVIII,K
"Messner Evelyn, Mag.",Messner,Evelyn,Mag.,SPÖ,XVII,B
Metzker Maria,Metzker,Maria,NA,SPÖ,XII,1
Miedl Werner,Miedl,Werner,NA,ÖVP,XXI,St
"Migsch Alfred, Dr.",Migsch,Alfred,Dr.,SPÖ,V,W
Mikesch Herta,Mikesch,Herta,NA,ÖVP,XXII,BWV
Miklas Wilhelm,Miklas,Wilhelm,NA,CSP,I,N
"Mikl-Leitner Johanna, Mag.",Mikl-Leitner,Johanna,Mag.,ÖVP,XXI,BWV
Mikola Frieda,Mikola,Frieda,NA,ÖVP,V,St
Miksch Karl,Miksch,Karl,NA,SPÖ,V,N
"Minkowitsch Roland, Mag.",Minkowitsch,Roland,Mag.,ÖVP,X,N
Minnich Andreas,Minnich,Andreas,NA,ÖVP,XXVII,N
"Missethon Hannes, Dipl.-Ing.",Missethon,Hannes,Dipl.-Ing.,ÖVP,XXII,St
Mistinger Leo,Mistinger,Leo,NA,SPÖ,XI,W
Mittendorfer Josef,Mittendorfer,Josef,NA,ÖVP,V,O
Mitterer Otto,Mitterer,Otto,NA,ÖVP,VI,W
Mitterer Peter,Mitterer,Peter,NA,FPÖ,XVIII,2
"Mitterlehner Reinhold, Dr.",Mitterlehner,Reinhold,Dr.,ÖVP,XXI,BWV
Mittermüller Marialuise,Mittermüller,Marialuise,NA,F,XXII,K
"Mlinar Angelika, Mag. Dr., LL.M.",Mlinar,Angelika,"Mag. Dr., LL.M.",NEOS-LIF,XXV,BWV
"Möbius Reinhold, Dr.",Möbius,Reinhold,Dr.,CSP,IV,K
"Mock Alois, Dr.",Mock,Alois,Dr.,ÖVP,XII,N
Modl Josef,Modl,Josef,NA,SPÖ,XIV,St
Moik Wilhelmine,Moik,Wilhelmine,NA,SPÖ,V,W
Molterer Josef,Molterer,Josef,NA,ÖVP,XVII,O
"Molterer Wilhelm, Mag.",Molterer,Wilhelm,Mag.,ÖVP,XVIII,2
Mölzer Wendelin,Mölzer,Wendelin,NA,FPÖ,XXV,K
Mondl Walter,Mondl,Walter,NA,SPÖ,XI,N
Morak Franz,Morak,Franz,NA,ÖVP,XIX,BWV
Morawitz Hans,Morawitz,Hans,NA,SdP,I,B
Moretti Adelheid Irina,Moretti,Adelheid Irina,NA,ÖVP,XXIII,St
"Moser Eduard, Dr.",Moser,Eduard,Dr.,ÖVP,XII,4
Moser Franz,Moser,Franz,NA,ÖVP,V,O
"Moser Gabriela, Dr.",Moser,Gabriela,Dr.,GRÜNE,XIX,O
Moser Hans Helmut,Moser,Hans Helmut,NA,FPÖ,XVII,N
"Moser Johann, Mag.",Moser,Johann,Mag.,SPÖ,XXII,St
Moser Josef,Moser,Josef,NA,SPÖ,IX,St
"Moser Josef, Dr.",Moser,Josef,Dr.,ÖVP,XXVI,BWV
"Moser Sonja, Dr. siehe Moser-Starrach Sonja, Dr.",Moser,Sonja,Dr.,ÖVP,XX,BWV
Moser Wilhelmine,Moser,Wilhelmine,NA,ÖVP,XIII,St
"Moser-Starrach Sonja, Dr.",Moser-Starrach,Sonja,Dr.,ÖVP,XX,BWV
Moßhammer Franz,Moßhammer,Franz,NA,SdP,III,S
"Möst Maria Elisabeth, Dipl.-Ing.",Möst,Maria Elisabeth,Dipl.-Ing.,ÖVP,XV,O
Motter Klara,Motter,Klara,NA,FPÖ,XVII,2
Mrkvicka Franz,Mrkvicka,Franz,NA,SPÖ,XVII,W
Muchitsch Hans,Muchitsch,Hans,NA,SdP,I,St
Muchitsch Josef,Muchitsch,Josef,NA,SPÖ,XXIII,St
"Mückstein Eva, Dr.",Mückstein,Eva,Dr.,GRÜNE,XXV,N
Mühlbacher Kurt,Mühlbacher,Kurt,NA,SPÖ,XIII,W
"Mühlbachler Josef, Dipl.-Kfm. Mag.",Mühlbachler,Josef,Dipl.-Kfm. Mag.,ÖVP,XVI,O
Mühlberghuber Edith,Mühlberghuber,Edith,NA,FPÖ,XXIV,N
Müller Adolf,Müller,Adolf,NA,SdP,II,N
Müller Franz,Müller,Franz,NA,SPÖ,X,B
Müller Hans,Müller,Hans,NA,F,XXI,N
Müller Karl Gerfried,Müller,Karl Gerfried,NA,SPÖ,XIX,K
"Müller Lothar, Dr.",Müller,Lothar,Dr.,SPÖ,XVII,T
"Müllner Franz, Dr.",Müllner,Franz,Dr.,CSP,IV,O
Müllner Hans,Müllner,Hans,NA,SdP,III,N
Müllner Viktor,Müllner,Viktor,NA,ÖVP,V,N
Murauer Walter,Murauer,Walter,NA,ÖVP,XVIII,O
"Murer Gerulf, Ing.",Murer,Gerulf,Ing.,FPÖ,XV,2
Murowatz Lona,Murowatz,Lona,NA,SPÖ,XI,N
"Musiol Daniela, Mag.",Musiol,Daniela,Mag.,GRÜNE,XXIV,W
"Mussil Arthur, Dr.",Mussil,Arthur,Dr.,ÖVP,XI,N
"Muttonen Christine, Mag.",Muttonen,Christine,Mag.,SPÖ,XXI,K
"Nachbaur Kathrin, Dr.",Nachbaur,Kathrin,Dr.,STRONACH,XXV,BWV
Nedwal Andreas,Nedwal,Andreas,NA,ÖVP,VI,B
"Nedwed Ernst, Ing.",Nedwed,Ernst,Ing.,SPÖ,XIV,W
"Nehammer Karl, MSc",Nehammer,Karl,MSc,ÖVP,XXVI,W
"Neidhart Rolf, Dr.",Neidhart,Rolf,Dr.,SPÖ,XVII,N
"Neisser Heinrich, Dr.",Neisser,Heinrich,Dr.,ÖVP,XIV,1
"Nekula Kurt, MA, MAS",Nekula,Kurt,"MA, MAS",SPÖ,XXIII,BWV
"Nemecz Alexander, Dr.",Nemecz,Alexander,Dr.,ÖVP,V,B
Neßler Barbara,Neßler,Barbara,NA,GRÜNE,XXVII,T
"Neubauer Werner, BA",Neubauer,Werner,BA,FPÖ,XXIII,BWV
Neudeck Detlev,Neudeck,Detlev,NA,F,XXI,W
Neudorfer Franz,Neudorfer,Franz,NA,ÖVP,VII,O
Neugebauer Fritz,Neugebauer,Fritz,NA,ÖVP,XX,W
"Neugebauer Max, Dr.",Neugebauer,Max,Dr.,SPÖ,V,N
Neuhauser Ernst,Neuhauser,Ernst,NA,SPÖ,XII,O
Neuhofer Michael,Neuhofer,Michael,NA,CSP,I,S
Neumann Anton,Neumann,Anton,NA,WdU,VI,O
Neumann Johann,Neumann,Johann,NA,ÖVP,XI,St
Neumann-Hartberger Irene,Neumann-Hartberger,Irene,NA,ÖVP,XXVII,BWV
"Neuner Kurt, DDr.",Neuner,Kurt,DDr.,ÖVP,X,1
"Neuroth Barbara, Mag.",Neuroth,Barbara,Mag.,GRÜNE,XXV,W
Neustädter-Stürmer Odo,Neustädter-Stürmer,Odo,NA,HB,IV,3
Neuwirth Karl,Neuwirth,Karl,NA,SPÖ,XVI,O
"Neuwirth Thomas, abs. iur.",Neuwirth,Thomas,abs. iur.,WdU,VI,S
Niederhuemer Wilhelm,Niederhuemer,Wilhelm,NA,F,XXI,O
"Niederwieser Erwin, DDr.",Niederwieser,Erwin,DDr.,SPÖ,XVIII,T
Niedrist Karl,Niedrist,Karl,NA,CSP,I,T
Nimmervoll Franz,Nimmervoll,Franz,NA,ÖVP,VII,O
Ninaus Josef,Ninaus,Josef,NA,SPÖ,V,St
"Niss Maria Theresia, Mag. Dr., MBA",Niss,Maria Theresia,"Mag. Dr., MBA",ÖVP,XXVI,W
Nittel Heinz,Nittel,Heinz,NA,SPÖ,XII,W
"Noll Alfred J., Dr.",Noll,Alfred J.,Dr.,PILZ,XXVI,BWV
"Nowotny Ewald, Dr.",Nowotny,Ewald,Dr.,SPÖ,XIV,O
Nürnberger Rudolf,Nürnberger,Rudolf,NA,SPÖ,XVI,W
"Nußbaumer Wolfgang, Ing.",Nußbaumer,Wolfgang,Ing.,F,XIX,BWV
"Nussbaum Verena, Mag.",Nussbaum,Verena,Mag.,SPÖ,XXVI,St
"Oberegger Josef, Ing.",Oberegger,Josef,Ing.,HB,IV,4
Oberhaidinger Georg,Oberhaidinger,Georg,NA,SPÖ,XVIII,O
"Oberhammer Aloys, Dr.",Oberhammer,Aloys,Dr.,ÖVP,VI,T
"Oberhauser Sabine, Dr., MAS",Oberhauser,Sabine,"Dr., MAS",SPÖ,XXIII,BWV
Obernosterer Gabriel,Obernosterer,Gabriel,NA,ÖVP,XXIII,K
"Oberrauner Petra, Mag. Dr.",Oberrauner,Petra,Mag. Dr.,SPÖ,XXVII,K
Obrutschka Fritz,Obrutschka,Fritz,NA,ÖVP,V,S
"Odehnal Franz, Dr.",Odehnal,Franz,Dr.,CSP,I,W
Oelzelt Franz,Oelzelt,Franz,NA,CSP,II,N
"Ofenauer Friedrich, Mag.",Ofenauer,Friedrich,Mag.,ÖVP,XXV,N
Ofenböck Josef,Ofenböck,Josef,NA,ÖVP,XI,N
"Offenbeck Jolanda, Dr.",Offenbeck,Jolanda,Dr.,SPÖ,XIII,St
"Ofner Harald, Dr.",Ofner,Harald,Dr.,FPÖ,XV,N
Olah Franz,Olah,Franz,NA,SPÖ,V,W
Öllinger Karl,Öllinger,Karl,NA,GRÜNE,XIX,W
Onodi Heidemaria,Onodi,Heidemaria,NA,SPÖ,XVIII,N
Ortlieb Patrick,Ortlieb,Patrick,NA,F,XXI,BWV
Ortner Josef,Ortner,Josef,NA,SPÖ,XII,O
"Ortner Peter, Mag.",Ortner,Peter,Mag.,FPÖ,XVI,K
Ott Heinrich,Ott,Heinrich,NA,ÖVP,V,N
Ottenschläger Andreas,Ottenschläger,Andreas,NA,ÖVP,XXV,W
Pack Jochen,Pack,Jochen,NA,ÖVP,XXII,St
Pansi Herbert,Pansi,Herbert,NA,SPÖ,X,K
"Papházy Sylvia, Dr., MBA",Papházy,Sylvia,"Dr., MBA",F,XXI,BWV
Parfuss Ludmilla,Parfuss,Ludmilla,NA,SPÖ,XVIII,St
Pargfrieder Leopold,Pargfrieder,Leopold,NA,CSP,II,O
Parnigoni Rudolf,Parnigoni,Rudolf,NA,SPÖ,XVI,N
Parrer Franz,Parrer,Franz,NA,CSP,I,N
Partik Matthias,Partik,Matthias,NA,CSP,I,W
"Partik-Pablé Helene, Dr.",Partik-Pablé,Helene,Dr.,FPÖ,XVI,1
"Paulitsch Alois, Dr.",Paulitsch,Alois,Dr.,ÖVP,XV,K
Paulitsch Michael,Paulitsch,Michael,NA,CSP,I,K
Pauly Max,Pauly,Max,NA,GdP,I,RSM
"Paunovic Nadine, Dr.",Paunovic,Nadine,Dr.,ÖVP,V,W
"Pawkowicz Rainer, Dipl.-Ing. Dr.",Pawkowicz,Rainer,Dipl.-Ing. Dr.,FPÖ,XVIII,W
Pawlik Annemarie,Pawlik,Annemarie,NA,SPÖ,XVII,K
Pay Michael,Pay,Michael,NA,SPÖ,X,St
Pazelt Josef,Pazelt,Josef,NA,SdP,IV,N
"Pecher Martina, Mag.",Pecher,Martina,Mag.,ÖVP,XXI,BWV
Peck Josef,Peck,Josef,NA,SPÖ,XV,B
Pecker Helene siehe Konecny Helene,Pecker,Helene,NA,SPÖ,XVIII,N
Pecker-Zörner Helene siehe Konecny Helene,Pecker-Zörner,Helene,NA,SPÖ,XVIII,N
"Pelikan Fritz, Dr.",Pelikan,Fritz,Dr.,ÖVP,XIII,2
Pendl Otto,Pendl,Otto,NA,SPÖ,XX,N
"Pernter Hans, Dr.",Pernter,Hans,Dr.,ÖVP,V,W
Peschel Brigitte,Peschel,Brigitte,NA,L,XIX,W
Peter Adolf,Peter,Adolf,NA,LBd,IV,V
Peter Friedrich,Peter,Friedrich,NA,FPÖ,XI,3
"Peter Helmut, Mag.",Peter,Helmut,Mag.,FPÖ,XVIII,O
"Petrovic Madeleine, MMag. Dr.",Petrovic,Madeleine,MMag. Dr.,GRÜNE,XVIII,W
Petschnik Viktor,Petschnik,Viktor,NA,SPÖ,V,K
Petzner Stefan,Petzner,Stefan,NA,BZÖ,XXIV,BWV
"Pewny Christian, Ing.",Pewny,Christian,Ing.,FPÖ,XXVI,S
Pfeffer Karl,Pfeffer,Karl,NA,SPÖ,X,N
Pfeffer Katharina,Pfeffer,Katharina,NA,SPÖ,XXI,B
"Pfeifer Helfried, Dr.",Pfeifer,Helfried,Dr.,WdU,VI,1
Pfeifer Josef,Pfeifer,Josef,NA,SPÖ,XI,N
"Pfurtscheller Elisabeth, Dipl.-Kffr. (FH)",Pfurtscheller,Elisabeth,Dipl.-Kffr. (FH),ÖVP,XXV,T
Pichler Adam,Pichler,Adam,NA,SPÖ,IX,S
Pichler Franz,Pichler,Franz,NA,SPÖ,X,N
Pichler Josef,Pichler,Josef,NA,CSP,I,St
Pick Karl,Pick,Karl,NA,SdP,I,W
"Piffl-Percevic Theodor, Dr.",Piffl-Percevic,Theodor,Dr.,ÖVP,IX,St
Piller Ernst,Piller,Ernst,NA,SPÖ,XVII,B
"Pilz Peter, Dr.",Pilz,Peter,Dr.,GRÜNE,XVII,W
Pirchegger Anton,Pirchegger,Anton,NA,CSP,I,St
"Pirker Hubert, Dr.",Pirker,Hubert,Dr.,ÖVP,XVIII,K
"Pirklhuber Wolfgang, Dipl.-Ing. Dr.",Pirklhuber,Wolfgang,Dipl.-Ing. Dr.,GRÜNE,XXI,O
"Pirklhuber Wolfgang, Dipl.-Ing. siehe Pirklhuber Wolfgang, Dipl.-Ing. Dr.",Pirklhuber,Wolfgang,Dipl.-Ing.,GRÜNE,XXI,O
Pischitz Georg,Pischitz,Georg,NA,CSP,I,O
Pischl Karl,Pischl,Karl,NA,ÖVP,XV,T
Pistor Felix,Pistor,Felix,NA,LBd,III,4
Pistotnig Jakob,Pistotnig,Jakob,NA,F,XXI,K
"Pittermann Bruno, DDr.",Pittermann,Bruno,DDr.,SPÖ,V,1
"Pittermann Elisabeth, Dr.",Pittermann,Elisabeth,Dr.,SPÖ,XIX,W
Plaimauer Stefan,Plaimauer,Stefan,NA,SPÖ,VIII,St
Plakolm Claudia,Plakolm,Claudia,NA,ÖVP,XXVI,O
"Plank Brunhilde, Mag.",Plank,Brunhilde,Mag.,SPÖ,XXI,St
Plasser Franz,Plasser,Franz,NA,SdP,III,O
"Plassnik Ursula, Dr.",Plassnik,Ursula,Dr.,ÖVP,XXIII,BWV
Platter Günther,Platter,Günther,NA,ÖVP,XIX,T
Plessl Rudolf,Plessl,Rudolf,NA,SPÖ,XXIV,N
Pock Michael siehe Bernhard Michael,Pock,Michael,NA,NEOS-LIF,XXV,W
Pöder Rudolf,Pöder,Rudolf,NA,SPÖ,XVI,W
Podgorschek Elmar,Podgorschek,Elmar,NA,FPÖ,XXIV,O
Pokorny Maria,Pokorny,Maria,NA,SPÖ,V,W
Polcar Fritz,Polcar,Fritz,NA,ÖVP,VII,W
Polke Emil,Polke,Emil,NA,SdP,I,N
Pollak Marianne,Pollak,Marianne,NA,SPÖ,V,W
Pölz Johann,Pölz,Johann,NA,SPÖ,IX,N
Pölzer Johann,Pölzer,Johann,NA,SdP,I,N
Pölzer Johann,Pölzer,Johann,NA,SPÖ,VII,W
Popp Adelheid,Popp,Adelheid,NA,SdP,I,RSM
Populorum Adolf,Populorum,Adolf,NA,SPÖ,VI,K
Porges Alfred,Porges,Alfred,NA,SPÖ,V,W
Posch Paul,Posch,Paul,NA,SPÖ,XVI,K
"Posch Walter, Mag.",Posch,Walter,Mag.,SPÖ,XVIII,K
Pötsch Johann,Pötsch,Johann,NA,ÖVP,V,St
Pöttinger Laurenz,Pöttinger,Laurenz,NA,ÖVP,XXVI,O
"Povysil Brigitte, Dr.",Povysil,Brigitte,Dr.,F,XX,BWV
"Prader Georg, Dr.",Prader,Georg,Dr.,ÖVP,IX,N
Prähauser Stefan,Prähauser,Stefan,NA,SPÖ,XXI,S
Praher Adelheid,Praher,Adelheid,NA,SPÖ,XV,N
"Prammer Agnes Sirkka, Mag.",Prammer,Agnes Sirkka,Mag.,GRÜNE,XXVII,O
"Prammer Barbara, Mag.",Prammer,Barbara,Mag.,SPÖ,XXI,O
Pranckh Georg,Pranckh,Georg,NA,ÖVP,XVI,St
Pranckh Georg,Pranckh,Georg,NA,FPÖ,XVIII,St
Praßl Michael,Praßl,Michael,NA,ÖVP,XXII,St
"Praxmarer Karin, Mag.",Praxmarer,Karin,Mag.,FPÖ,XVII,O
Prechtl Fritz,Prechtl,Fritz,NA,SPÖ,XIV,2
Preineder Martin,Preineder,Martin,NA,ÖVP,XXII,N
Preiner Erwin,Preiner,Erwin,NA,SPÖ,XXIV,B
"Preiß Kurt, Dr.",Preiß,Kurt,Dr.,SPÖ,XV,N
"Preisinger Susanne, Dr.",Preisinger,Susanne,Dr.,F,XIX,W
Prentl Josef,Prentl,Josef,NA,CSP,IV,N
Prettenthaler Sylvia siehe Rinner Sylvia,Prettenthaler,Sylvia,NA,SPÖ,XXIII,St
Pretterebner Hans,Pretterebner,Hans,NA,F,XIX,BWV
Preußler Kurt,Preußler,Kurt,NA,SPÖ,VI,S
"Prinke Franz, Dr. h.c.",Prinke,Franz,Dr. h.c.,ÖVP,V,W
Prinz Nikolaus,Prinz,Nikolaus,NA,ÖVP,XXI,O
"Prinzhorn Thomas, Dipl.-Ing.",Prinzhorn,Thomas,Dipl.-Ing.,F,XX,BWV
Prirsch Ferdinand,Prirsch,Ferdinand,NA,ÖVP,V,St
Probst Anton,Probst,Anton,NA,SdP,III,B
Probst Friedrich,Probst,Friedrich,NA,FPÖ,XV,St
Probst Otto,Probst,Otto,NA,SPÖ,V,W
Prodinger Hans,Prodinger,Hans,NA,GdP,III,3
Proft Gabriele,Proft,Gabriele,NA,SdP,I,W
Proksch Anton,Proksch,Anton,NA,SPÖ,V,B
"Pröll Josef, Dipl.-Ing.",Pröll,Josef,Dipl.-Ing.,ÖVP,XXII,N
"Pumberger Alois, Dr.",Pumberger,Alois,Dr.,FPÖ,XVIII,O
"Puntigam Alois, Dr.",Puntigam,Alois,Dr.,ÖVP,XV,St
"Puntscher Riekmann Sonja, Dr.",Puntscher,Riekmann Sonja,Dr.,GRÜNE,XVIII,W
"Puswald Christian, Dr.",Puswald,Christian,Dr.,SPÖ,XXII,K
"Puttinger Günter, Dipl.-Kfm. Dr.",Puttinger,Günter,Dipl.-Kfm. Dr.,ÖVP,XVIII,S
"Raab Julius, Ing. DDDr.",Raab,Julius,Ing. DDDr.,CSP,III,N
"Rabl-Stadler Helga, Dr.",Rabl-Stadler,Helga,Dr.,ÖVP,XVI,S
"Rack Reinhard, Dr.",Rack,Reinhard,Dr.,ÖVP,XIX,St
"Rada Robert, Dr.",Rada,Robert,Dr.,SPÖ,XIX,N
Radinger Stephan,Radinger,Stephan,NA,SPÖ,XI,O
Rädler Johann,Rädler,Johann,NA,ÖVP,XXII,N
"Ragger Christian, Mag.",Ragger,Christian,Mag.,FPÖ,XXVI,K
Rainer Hermann,Rainer,Hermann,NA,ÖVP,V,S
"Ramek Rudolf, Dr.",Ramek,Rudolf,Dr.,CSP,I,S
Rammer Hans,Rammer,Hans,NA,WdU,VI,O
Ramsbacher Helena,Ramsbacher,Helena,NA,F,XIX,K
"Rapatz Robert, Dipl.-Ing.",Rapatz,Robert,Dipl.-Ing.,ÖVP,VII,K
Raser Josef,Raser,Josef,NA,LBd,IV,2
"Rasinger Erwin, Dr.",Rasinger,Erwin,Dr.,ÖVP,XIX,BWV
"Rauch Johannes, Mag.",Rauch,Johannes,Mag.,ÖVP,XXV,BWV
Rauch Walter,Rauch,Walter,NA,FPÖ,XXV,St
Rauch-Kallat Maria,Rauch-Kallat,Maria,NA,ÖVP,XIX,W
"Rauhofer Josef, abs. iur.",Rauhofer,Josef,abs. iur.,CSP,III,B
Rauscha Julie,Rauscha,Julie,NA,SdP,I,N
Rauscher Franz,Rauscher,Franz,NA,SPÖ,V,W
Rechberger Alois,Rechberger,Alois,NA,SPÖ,XIV,St
Regensburger Franz,Regensburger,Franz,NA,ÖVP,IX,T
"Regler Roderich, Dipl.-Ing. Mag.",Regler,Roderich,Dipl.-Ing. Mag.,ÖVP,XXII,W
Reheis Gerhard,Reheis,Gerhard,NA,SPÖ,XX,T
Rehor Grete,Rehor,Grete,NA,ÖVP,VI,W
Reich Josef,Reich,Josef,NA,ÖVP,VII,W
"Reichhold Mathias, Ing.",Reichhold,Mathias,Ing.,FPÖ,XVIII,K
Reicht Alois,Reicht,Alois,NA,SPÖ,XV,St
"Reifenberger Volker, Ing. Mag.",Reifenberger,Volker,Ing. Mag.,FPÖ,XXVI,S
"Reimann Viktor, Dr.",Reimann,Viktor,Dr.,WdU,VI,3
"Reimon Michel, MBA",Reimon,Michel,MBA,GRÜNE,XXVII,BWV
Reindl Hermann,Reindl,Hermann,NA,F,XXI,St
"Reiner Fritz, Ing.",Reiner,Fritz,Ing.,CSP,II,W
"Reinhart Karl, Dr.",Reinhart,Karl,Dr.,SPÖ,XII,T
"Reisetbauer Rudolf, Dr.",Reisetbauer,Rudolf,Dr.,ÖVP,VII,O
Reisinger Heinrich,Reisinger,Heinrich,NA,ÖVP,XIII,O
Reismann Edmund,Reismann,Edmund,NA,SPÖ,V,W
Reiter Carina,Reiter,Carina,NA,ÖVP,XXVII,S
Reiter Josef,Reiter,Josef,NA,ÖVP,V,O
Reitsamer Annemarie,Reitsamer,Annemarie,NA,SPÖ,XVIII,S
Remplbauer Wilhelm,Remplbauer,Wilhelm,NA,SPÖ,XIV,O
"Rendi-Wagner Pamela, Dr., MSc",Rendi-Wagner,Pamela,"Dr., MSc",SPÖ,XXVI,BWV
Renner Florian,Renner,Florian,NA,CSP,I,N
"Renner Karl, Dr.",Renner,Karl,Dr.,SdP,I,N
Renner Walter,Renner,Walter,NA,SPÖ,XVI,N
"Renoldner Severin, DDr.",Renoldner,Severin,DDr.,GRÜNE,XVIII,2
"Resch Josef, Dr.",Resch,Josef,Dr.,CSP,I,W
Resch Walter,Resch,Walter,NA,SPÖ,XV,O
"Ressel Hans-Joachim, Ing.",Ressel,Hans-Joachim,Ing.,SPÖ,XIV,St
Rest-Hinterseer Heidemarie,Rest-Hinterseer,Heidemarie,NA,GRÜNE,XXII,S
"Ribo Bedrana, MA",Ribo,Bedrana,MA,GRÜNE,XXVII,St
Richter Paul,Richter,Paul,NA,SdP,I,N
Rieder Hans,Rieder,Hans,NA,ÖVP,XVIII,S
"Rieder Josef, Dr.",Rieder,Josef,Dr.,SPÖ,XVI,W
Riedl Walter,Riedl,Walter,NA,ÖVP,XVIII,N
"Riedler Wolfgang, Dr.",Riedler,Wolfgang,Dr.,SPÖ,XX,St
Rieger Eduard,Rieger,Eduard,NA,SdP,I,W
"Riegler Josef, Dipl.-Ing.",Riegler,Josef,Dipl.-Ing.,ÖVP,XIV,St
Riemer Josef A.,Riemer,Josef A.,NA,FPÖ,XXIV,St
Riener Barbara,Riener,Barbara,NA,ÖVP,XXII,St
Riepl Franz,Riepl,Franz,NA,SPÖ,XX,W
Ries Christian,Ries,Christian,NA,FPÖ,XXVI,B
Rieß Susanne,Rieß,Susanne,NA,FPÖ,XVIII,N
"Riess Susanne, Dr. siehe Riess-Passer Susanne, Dr.",Riess,Susanne,Dr.,F,XXI,T
"Riess-Passer Susanne, Dr.",Riess-Passer,Susanne,Dr.,F,XXI,T
Rinner Sylvia,Rinner,Sylvia,NA,SPÖ,XXIII,St
"Rintelen Anton, Dr.",Rintelen,Anton,Dr.,CSP,III,St
Robak Friedrich,Robak,Friedrich,NA,SPÖ,X,B
Rochus Ottilie,Rochus,Ottilie,NA,ÖVP,XIV,B
Rödhammer Hans,Rödhammer,Hans,NA,ÖVP,VIII,O
"Röhrs Konstanze, Mag.",Röhrs,Konstanze,Mag.,F,XXI,K
Roithner Berthold,Roithner,Berthold,NA,SPÖ,VII,St
Rom Martin,Rom,Martin,NA,SPÖ,V,K
Römer Alfred,Römer,Alfred,NA,ÖVP,VII,W
Roppert Alois,Roppert,Alois,NA,SPÖ,XV,K
Rösch Eduard,Rösch,Eduard,NA,SdP,III,N
Rösch Otto,Rösch,Otto,NA,SPÖ,XIII,N
"Rosenberger Alois, Dipl.-Ing.",Rosenberger,Alois,Dipl.-Ing.,ÖVP,XXVI,BWV
Rosenberger Paul,Rosenberger,Paul,NA,SPÖ,V,B
"Rosenkranz Barbara, MA",Rosenkranz,Barbara,MA,F,XXII,N
"Rosenkranz Barbara siehe Rosenkranz Barbara, MA",Rosenkranz,Barbara,NA,F,XXII,N
"Rosenkranz Walter, Dr.",Rosenkranz,Walter,Dr.,FPÖ,XXIV,N
Rosenstingl Peter,Rosenstingl,Peter,NA,FPÖ,XVIII,N
"Rössler Astrid, Dr.",Rössler,Astrid,Dr.,GRÜNE,XXVII,S
"Rossmann Bruno, Mag.",Rossmann,Bruno,Mag.,GRÜNE,XXIII,BWV
Rossmann Mares,Rossmann,Mares,NA,F,XIX,St
Roth Hans,Roth,Hans,NA,CSP,IV,St
"Roth Rupert, Dr.",Roth,Rupert,Dr.,ÖVP,VI,St
Rozenits Demetrius,Rozenits,Demetrius,NA,CSP,II,B
Rück Rosa,Rück,Rosa,NA,SPÖ,VI,4
Rückl Engelbert,Rückl,Engelbert,NA,SPÖ,V,St
"Rudas Laura, Mag.",Rudas,Laura,Mag.,SPÖ,XXIII,W
Rudel-Zeynek Olga,Rudel-Zeynek,Olga,NA,CSP,I,St
Ruhaltinger Franz,Ruhaltinger,Franz,NA,SPÖ,XV,O
Rupp Josef,Rupp,Josef,NA,ÖVP,V,N
"Rupprechter Andrä, Dipl.-Ing.",Rupprechter,Andrä,Dipl.-Ing.,ÖVP,XXVI,T
"Ruthofer Kurt, Dipl.-Kfm.",Ruthofer,Kurt,Dipl.-Kfm.,F,XIX,K
Sacher Ewald,Sacher,Ewald,NA,SPÖ,XXIV,N
Sailer Georg,Sailer,Georg,NA,SdP,I,B
"Salcher Herbert, Dr.",Salcher,Herbert,Dr.,SPÖ,XVI,T
Sallaberger Günther,Sallaberger,Günther,NA,SPÖ,XVII,1
"Sallinger Rudolf, Ing.",Sallinger,Rudolf,Ing.,ÖVP,XI,W
"Salzl Stefan, Dr.",Salzl,Stefan,Dr.,F,XIX,B
"Salzmann Gertraud, MMMag.",Salzmann,Gertraud,MMMag.,ÖVP,XXVI,S
Samwald Franz,Samwald,Franz,NA,SPÖ,XI,N
Sandler Birgit Silvia,Sandler,Birgit Silvia,NA,SPÖ,XXVI,St
Sandmeier Karl,Sandmeier,Karl,NA,ÖVP,XI,O
Sassik Raimund,Sassik,Raimund,NA,SdP,II,B
Sauer Willi,Sauer,Willi,NA,ÖVP,XIX,N
"Saxinger Werner, Dr., MSc",Saxinger,Werner,"Dr., MSc",ÖVP,XXVII,BWV
Sburny Michaela,Sburny,Michaela,NA,GRÜNE,XXII,BWV
Schaber Franz,Schaber,Franz,NA,ÖVP,XI,T
Schabhüttl Jürgen,Schabhüttl,Jürgen,NA,SPÖ,XXV,B
Schaffenrath Maria,Schaffenrath,Maria,NA,L,XIX,BWV
"Schäffer Gerhard, Mag.",Schäffer,Gerhard,Mag.,ÖVP,XV,S
Schalle Veit,Schalle,Veit,NA,BZÖ,XXIII,BWV
Schallmeiner Ralph,Schallmeiner,Ralph,NA,GRÜNE,XXVII,O
"Schandor Christian, Dipl.-Ing.",Schandor,Christian,Dipl.-Ing.,FPÖ,XXVI,St
Scharer Erika,Scharer,Erika,NA,SPÖ,XXII,S
Scharf Erwin,Scharf,Erwin,NA,SPÖ,V,W
"Schärf Adolf, Dr.",Schärf,Adolf,Dr.,SPÖ,V,W
Scharfegger Ambros,Scharfegger,Ambros,NA,CSP,I,K
Schartel Andrea Michaela,Schartel,Andrea Michaela,NA,FPÖ,XXVI,BWV
"Scharzenberger Corinna, Mag.",Scharzenberger,Corinna,Mag.,ÖVP,XXVII,St
Schasching Beate,Schasching,Beate,NA,SPÖ,XXI,N
"Schatz Birgit, Mag.",Schatz,Birgit,Mag.,GRÜNE,XXIII,S
Schatz Sabine,Schatz,Sabine,NA,SPÖ,XXVI,O
Schauer Erwin,Schauer,Erwin,NA,ÖVP,XIV,N
"Schauer-Schoberlechner Johannes, Dr.",Schauer-Schoberlechner,Johannes,Dr.,LBd,IV,1
"Scheff Otto, Dr.",Scheff,Otto,Dr.,ÖVP,V,N
Scheffauer Theodor,Scheffauer,Theodor,NA,CSP,I,T
Scheibein Wilhelm,Scheibein,Wilhelm,NA,SdP,I,T
"Scheibengraf Heinrich, Ing.",Scheibengraf,Heinrich,Ing.,SPÖ,X,St
Scheibenreif Alois,Scheibenreif,Alois,NA,ÖVP,V,N
Scheiblin Anton,Scheiblin,Anton,NA,SPÖ,VIII,W
Scheibner Herbert,Scheibner,Herbert,NA,FPÖ,XVIII,1
Schein Leopold,Schein,Leopold,NA,CSP,II,4
"Schellenbacher Thomas, Ing.",Schellenbacher,Thomas,Ing.,FPÖ,XXV,W
Schellhorn Josef,Schellhorn,Josef,NA,NEOS,XXV,BWV
"Schelling Johann Georg, Dr.",Schelling,Johann Georg,Dr.,ÖVP,XXIII,N
Schemer Stefan,Schemer,Stefan,NA,SPÖ,XIV,W
"Schender Rüdiger, Mag.",Schender,Rüdiger,Mag.,F,XXI,O
Schenk Martina,Schenk,Martina,NA,BZÖ,XXIV,BWV
"Scherak Nikolaus, Dr., MA",Scherak,Nikolaus,"Dr., MA",NEOS-LIF,XXV,N
"Scherak Nikolaus, Mag. siehe Scherak Nikolaus, Dr., MA",Scherak,Nikolaus,Mag.,NEOS-LIF,XXV,N
Scherrer Josef,Scherrer,Josef,NA,ÖVP,X,N
"Scheuch Kurt, Ing.",Scheuch,Kurt,Ing.,F,XXI,K
"Scheuch Robert, Dipl.-Ing. Dr.",Scheuch,Robert,Dipl.-Ing. Dr.,WdU,VI,K
"Scheuch Uwe, Dipl.-Ing.",Scheuch,Uwe,Dipl.-Ing.,F,XXII,K
Scheucher Reinhold,Scheucher,Reinhold,NA,SPÖ,XVI,St
"Scheucher-Pichler Elisabeth, Mag.",Scheucher-Pichler,Elisabeth,Mag.,ÖVP,XXII,K
"Schickhofer Michael, Mag.",Schickhofer,Michael,Mag.,SPÖ,XXIV,St
"Schieder Andreas, Mag.",Schieder,Andreas,Mag.,SPÖ,XXIII,W
"Schieder Peter, Dr. h.c.",Schieder,Peter,Dr. h.c.,SPÖ,XII,W
"Schieder Peter siehe Schieder Peter, Dr. h.c.",Schieder,Peter,NA,SPÖ,XII,W
Schiefermair Notburga,Schiefermair,Notburga,NA,ÖVP,XXII,O
Schiegl Wilhelm,Schiegl,Wilhelm,NA,SdP,I,W
Schimanek Carmen,Schimanek,Carmen,NA,FPÖ,XXIV,T
"Schindlbacher Ernst, Ing.",Schindlbacher,Ernst,Ing.,ÖVP,XVII,St
Schirmer Aloisia,Schirmer,Aloisia,NA,CSP,I,RSM
Schittenhelm Dorothea,Schittenhelm,Dorothea,NA,ÖVP,XXIII,N
Schlager Anton,Schlager,Anton,NA,ÖVP,X,O
Schlager Josef,Schlager,Josef,NA,SPÖ,XI,St
Schlager Rudolf,Schlager,Rudolf,NA,SdP,I,St
"Schleinzer Karl, Dipl.-Ing. Dr.",Schleinzer,Karl,Dipl.-Ing. Dr.,ÖVP,X,K
Schlesinger Paul Johannes,Schlesinger,Paul Johannes,NA,SdP,II,N
Schlesinger Therese,Schlesinger,Therese,NA,SdP,I,W
"Schlögl Karl, Mag.",Schlögl,Karl,Mag.,SPÖ,XVIII,N
"Schlögl Manfred, Mag.",Schlögl,Manfred,Mag.,ÖVP,XIII,St
"Schmelz Heinrich, Dipl.-Ing. Dr.",Schmelz,Heinrich,Dipl.-Ing. Dr.,ÖVP,XVII,W
Schmid Gerhard,Schmid,Gerhard,NA,FPÖ,XXV,S
"Schmid Julian, BA",Schmid,Julian,BA,GRÜNE,XXV,BWV
"Schmid Michael, Dipl.-Ing.",Schmid,Michael,Dipl.-Ing.,FPÖ,XVIII,St
Schmidhofer Karl,Schmidhofer,Karl,NA,ÖVP,XXVI,St
Schmidl Josef,Schmidl,Josef,NA,SPÖ,X,O
"Schmidt Albert, Dr.",Schmidt,Albert,Dr.,FPÖ,XIII,1
Schmidt Elisabeth,Schmidt,Elisabeth,NA,ÖVP,XIV,N
"Schmidt Erich, Dr.",Schmidt,Erich,Dr.,SPÖ,XV,S
"Schmidt Friedrich, Dr.-Ing.",Schmidt,Friedrich,Dr.-Ing.,GdP,I,RSM
"Schmidt Heide, Mag. Dr.",Schmidt,Heide,Mag. Dr.,FPÖ,XVIII,W
Schmidt Josef,Schmidt,Josef,NA,CSP,III,V
Schmidtmeier Herbert,Schmidtmeier,Herbert,NA,SPÖ,XVII,W
Schmiedlechner Peter,Schmiedlechner,Peter,NA,FPÖ,XXVI,N
Schmitz Richard,Schmitz,Richard,NA,CSP,I,W
"Schmitzer Karl, Ing.",Schmitzer,Karl,Ing.,ÖVP,XII,N
Schmölz Johann,Schmölz,Johann,NA,SPÖ,XVI,W
Schmuckenschlager Johannes,Schmuckenschlager,Johannes,NA,ÖVP,XXIV,N
Schnabel Joachim,Schnabel,Joachim,NA,ÖVP,XXVII,St
Schnedlitz Michael,Schnedlitz,Michael,NA,FPÖ,XXVII,N
Schneeberger Pius,Schneeberger,Pius,NA,SdP,II,N
"Schneider Emil, Dr.",Schneider,Emil,Dr.,CSP,I,V
"Schneider Maria, Dr.",Schneider,Maria,Dr.,NWB,IV,1
Schneidmadl Heinrich,Schneidmadl,Heinrich,NA,SdP,I,N
"Schnell Hermann, Dr.",Schnell,Hermann,Dr.,SPÖ,XIII,W
"Schnöll Stefan, Mag.",Schnöll,Stefan,Mag.,ÖVP,XXVI,S
Schober Albin,Schober,Albin,NA,SPÖ,XVI,2
"Schober Johannes, abs. iur. DDDr. h.c",Schober,Johannes,abs. iur. DDDr. h.c,NWB,IV,B
"Schoettel-Delacher Irina, lic.oec. HSG",Schoettel-Delacher,Irina,lic.oec. HSG,F,XXI,V
"Schöggl Leopold, Dipl.-Ing.",Schöggl,Leopold,Dipl.-Ing.,F,XIX,St
Schoiswohl Michael,Schoiswohl,Michael,NA,CSP,I,St
Scholger Walter,Scholger,Walter,NA,SPÖ,XVI,St
Schöll Hans,Schöll,Hans,NA,FPÖ,XVIII,W
Schöls Alfred,Schöls,Alfred,NA,ÖVP,XXII,N
"Scholten Rudolf, Dr.",Scholten,Rudolf,Dr.,SPÖ,XIX,N
Schön Franz,Schön,Franz,NA,SdP,I,B
"Schönbauer Ernst, DDr.",Schönbauer,Ernst,DDr.,OK,I,N
"Schönbauer Leopold, Dr.",Schönbauer,Leopold,Dr.,ÖVP,IX,N
"Schönegger Bernd, Mag.",Schönegger,Bernd,Mag.,ÖVP,XXIV,St
Schönhart Günter,Schönhart,Günter,NA,FPÖ,XVII,K
Schönpass Rosemarie,Schönpass,Rosemarie,NA,SPÖ,XXII,O
Schönsteiner Friedrich,Schönsteiner,Friedrich,NA,CSP,I,W
Schopf Walter,Schopf,Walter,NA,SPÖ,XXII,O
"Schöpf Albert, Dr.",Schöpf,Albert,Dr.,ÖVP,VI,3
"Schöpfer Aemilian, Dr.",Schöpfer,Aemilian,Dr.,CSP,I,T
Schorn Hildegard,Schorn,Hildegard,NA,ÖVP,XVII,N
Schorsch Johann,Schorsch,Johann,NA,SdP,IV,W
"Schramböck Margarete, Dr.",Schramböck,Margarete,Dr.,ÖVP,XXVII,T
Schramm Erwin,Schramm,Erwin,NA,SPÖ,IX,N
"Schrangl Philipp, Mag.",Schrangl,Philipp,Mag.,FPÖ,XXV,O
"Schranz Edgar, Dr.",Schranz,Edgar,Dr.,SPÖ,XIII,W
Schrefel Josef,Schrefel,Josef,NA,ÖVP,XIX,N
Schreiner Anton,Schreiner,Anton,NA,CSP,IV,B
"Schreiner Erich L., Ing. Mag.",Schreiner,Erich L.,Ing. Mag.,FPÖ,XVIII,N
Schroll Alois,Schroll,Alois,NA,SPÖ,XXVII,N
Schrott Dominik,Schrott,Dominik,NA,ÖVP,XXVI,T
Schrotter Johann,Schrotter,Johann,NA,ÖVP,X,St
"Schultes Hermann, Ing.",Schultes,Hermann,Ing.,ÖVP,XXI,N
Schulz Hermann,Schulz,Hermann,NA,SdP,I,W
"Schumacher Franz, Dr.",Schumacher,Franz,Dr.,CSP,II,T
"Schumy Vinzenz, Ing.",Schumy,Vinzenz,Ing.,ÖVP,V,K
Schürer Franz,Schürer,Franz,NA,SPÖ,VII,O
"Schürff Hans, Dr.",Schürff,Hans,Dr.,GdP,I,N
"Schuschnigg Kurt, Dr.",Schuschnigg,Kurt,Dr.,CSP,III,T
"Schüssel Wolfgang, Dr.",Schüssel,Wolfgang,Dr.,ÖVP,XV,1
Schuster Johann,Schuster,Johann,NA,ÖVP,XVI,O
"Schütz Waltraud, Mag.",Schütz,Waltraud,Mag.,SPÖ,XVII,O
Schwarz Gabriela,Schwarz,Gabriela,NA,ÖVP,XXVI,BWV
"Schwarz Jakob, Mag. Dr., BA",Schwarz,Jakob,"Mag. Dr., BA",GRÜNE,XXVII,St
Schwarzböck Rudolf,Schwarzböck,Rudolf,NA,ÖVP,XVII,N
Schwarzenberger Georg,Schwarzenberger,Georg,NA,ÖVP,XV,S
"Schwärzler Erich, Ing.",Schwärzler,Erich,Ing.,ÖVP,XVII,V
Schweinberger Johann,Schweinberger,Johann,NA,ÖVP,V,S
Schweinhammer Johann,Schweinhammer,Johann,NA,ÖVP,V,N
Schweisgut Johannes,Schweisgut,Johannes,NA,ÖVP,XXI,T
"Schweitzer Karl, Mag.",Schweitzer,Karl,Mag.,FPÖ,XVIII,1
Schwemlein Emmerich,Schwemlein,Emmerich,NA,SPÖ,XVIII,S
"Schwentner Judith, Mag.",Schwentner,Judith,Mag.,GRÜNE,XXIV,St
"Schwer Karl, Dr.",Schwer,Karl,Dr.,ÖVP,VII,St
"Schwimmer Walter, Dr.",Schwimmer,Walter,Dr.,ÖVP,XIII,W
"Scrinzi Otto, Dr.",Scrinzi,Otto,Dr.,FPÖ,XI,K
Sebinger Hans,Sebinger,Hans,NA,ÖVP,VI,O
"Seda Erika, Dr.",Seda,Erika,Dr.,SPÖ,XIII,W
"Seel Helmut, Dr.",Seel,Helmut,Dr.,SPÖ,XVI,St
Seemayer Michael,Seemayer,Michael,NA,SPÖ,XXVII,O
Ségur August,Ségur,August,NA,CSP,I,N
Seidel Amalie,Seidel,Amalie,NA,SdP,I,W
"Seidel Richard, Ing.",Seidel,Richard,Ing.,SdP,II,W
Seidinger Winfried,Seidinger,Winfried,NA,SPÖ,XVII,St
Seidl Georg,Seidl,Georg,NA,CSP,IV,N
Seiler Hilde,Seiler,Hilde,NA,SPÖ,XVII,2
Seilinger Josef,Seilinger,Josef,NA,SPÖ,V,O
Seiner Anton,Seiner,Anton,NA,ÖVP,V,St
"Seipel Ignaz, Dr.",Seipel,Ignaz,Dr.,CSP,I,W
Seiringer Karl,Seiringer,Karl,NA,ÖVP,VII,O
Seitz Karl,Seitz,Karl,NA,SdP,I,RSM
Sekanina Karl,Sekanina,Karl,NA,SPÖ,X,W
Sever Albert,Sever,Albert,NA,SdP,I,W
Sevignani Hans,Sevignani,Hans,NA,F,XX,T
Shetty Yannick,Shetty,Yannick,NA,NEOS,XXVII,W
Sieber Norbert,Sieber,Norbert,NA,ÖVP,XXII,V
Siegl Josef,Siegl,Josef,NA,CSP,I,St
Sigl Robert,Sigl,Robert,NA,SPÖ,XVII,1
Silhavy Heidrun,Silhavy,Heidrun,NA,SPÖ,XVIII,St
Silvan Rudolf,Silvan,Rudolf,NA,SPÖ,XXVII,N
"Sima Ulrike, Mag.",Sima,Ulrike,Mag.,SPÖ,XXI,BWV
Singer Johann,Singer,Johann,NA,ÖVP,XXIV,O
Singer Rudolf,Singer,Rudolf,NA,SPÖ,VI,N
"Sinowatz Fred, Dr.",Sinowatz,Fred,Dr.,SPÖ,XIII,B
Skaret Ferdinand,Skaret,Ferdinand,NA,SdP,I,W
Skritek Otto,Skritek,Otto,NA,SPÖ,VI,W
Slavik Felix,Slavik,Felix,NA,SPÖ,VI,W
Smejkal Ingrid,Smejkal,Ingrid,NA,SPÖ,XV,W
Smitka Johann,Smitka,Johann,NA,SdP,I,N
"Smodics-Neumann Maria, Mag.",Smodics-Neumann,Maria,Mag.,ÖVP,XXVI,W
"Smolle Josef, Dr.",Smolle,Josef,Dr.,ÖVP,XXVI,St
Smolle Karl,Smolle,Karl,NA,GRÜNE,XVII,2
"Sobotka Wolfgang, Mag.",Sobotka,Wolfgang,Mag.,ÖVP,XXVI,N
Sodian Andreas,Sodian,Andreas,NA,F,XXI,O
Solar Lola,Solar,Lola,NA,ÖVP,VI,N
"Sonnberger Peter, Dr.",Sonnberger,Peter,Dr.,ÖVP,XXII,O
Soronics Franz,Soronics,Franz,NA,ÖVP,IX,B
"Spadiut Wolfgang, Dr.",Spadiut,Wolfgang,Dr.,BZÖ,XXIV,St
Spalowsky Franz,Spalowsky,Franz,NA,CSP,I,W
"Spannocchi Lelio, Dr.",Spannocchi,Lelio,Dr.,ÖVP,XII,O
Speiser Paul,Speiser,Paul,NA,SPÖ,V,W
Spielbüchler Karl,Spielbüchler,Karl,NA,SPÖ,V,O
Spindelberger Erwin,Spindelberger,Erwin,NA,SPÖ,XXII,St
"Spindelegger Erich, Ing.",Spindelegger,Erich,Ing.,ÖVP,XI,2
"Spindelegger Michael, Dr.",Spindelegger,Michael,Dr.,ÖVP,XVIII,N
Springschitz Stefan,Springschitz,Stefan,NA,SPÖ,V,B
Srb Manfred,Srb,Manfred,NA,GRÜNE,XVII,W
Stadlbauer Bettina,Stadlbauer,Bettina,NA,SPÖ,XXII,O
Stadler Astrid,Stadler,Astrid,NA,ÖVP,XXI,T
"Stadler Ewald, Mag.",Stadler,Ewald,Mag.,F,XIX,V
Staffa Franz,Staffa,Franz,NA,SPÖ,IX,N
Staffaneller Norbert,Staffaneller,Norbert,NA,F,XXI,St
Stammler Clemens,Stammler,Clemens,NA,GRÜNE,XXVII,O
Stampler Andreas,Stampler,Andreas,NA,SPÖ,V,St
Stampler Franz,Stampler,Franz,NA,ÖVP,XX,St
Stangl Maria,Stangl,Maria,NA,ÖVP,XIV,St
Starhemberg Ernst Rüdiger,Starhemberg,Ernst Rüdiger,NA,HB,IV,3
"Staribacher Josef, Dipl.-Vw. Dr.",Staribacher,Josef,Dipl.-Vw. Dr.,SPÖ,IX,W
Stark Christoph,Stark,Christoph,NA,ÖVP,XXVI,St
Stauber Peter,Stauber,Peter,NA,SPÖ,XXIII,K
Staudinger Rudolf,Staudinger,Rudolf,NA,ÖVP,X,O
"Stefan Harald, Mag.",Stefan,Harald,Mag.,FPÖ,XXIV,BWV
"Steger Norbert, Dr.",Steger,Norbert,Dr.,FPÖ,XV,W
Steger Petra,Steger,Petra,NA,FPÖ,XXV,W
Steibl Ridi Maria,Steibl,Ridi Maria,NA,ÖVP,XVIII,St
Steibl Ridi siehe Steibl Ridi Maria,Steibl,Ridi,NA,ÖVP,XVIII,St
"Steidl Albert, Dipl.-Kfm. Dr.",Steidl,Albert,Dipl.-Kfm. Dr.,ÖVP,XV,S
Steier Gerhard,Steier,Gerhard,NA,SPÖ,XXII,B
Stein Viktor,Stein,Viktor,NA,SdP,II,W
"Steinacker Michaela, Mag.",Steinacker,Michaela,Mag.,ÖVP,XXV,BWV
Steinbach Ernst,Steinbach,Ernst,NA,SPÖ,XVIII,W
Steinbauer Heribert,Steinbauer,Heribert,NA,ÖVP,XIV,2
Steinbichler Leopold,Steinbichler,Leopold,NA,STRONACH,XXV,O
"Steindl Franz, Mag.",Steindl,Franz,Mag.,ÖVP,XIX,B
Steindl Katharina,Steindl,Katharina,NA,SPÖ,XVIII,2
Steindl Konrad,Steindl,Konrad,NA,ÖVP,XXII,S
Steinegger Hans,Steinegger,Hans,NA,CSP,I,T
"Steinegger Otto, abs. iur.",Steinegger,Otto,abs. iur.,CSP,IV,T
Steiner Franz,Steiner,Franz,NA,CSP,III,3
Steiner Josef,Steiner,Josef,NA,ÖVP,X,S
Steiner Josef,Steiner,Josef,NA,SPÖ,V,K
"Steiner Ludwig, Dipl.-Vw. Dr.",Steiner,Ludwig,Dipl.-Vw. Dr.,ÖVP,XV,2
"Steinhauser Albert, Mag.",Steinhauser,Albert,Mag.,GRÜNE,XXIII,W
Steinhuber Josef siehe Steinhuber Sepp,Steinhuber,Josef,NA,SPÖ,XI,4
Steinhuber Sepp,Steinhuber,Sepp,NA,SPÖ,XI,4
Steininger Franz,Steininger,Franz,NA,SPÖ,X,O
Steinmaßl Erwin,Steinmaßl,Erwin,NA,SPÖ,XI,N
"Stemberger Josef, Dr.",Stemberger,Josef,Dr.,ÖVP,V,T
Stempfer Georg,Stempfer,Georg,NA,CSP,I,O
Stendebach Max,Stendebach,Max,NA,WdU,VII,St
"Steßl Sonja, Mag.",Steßl,Sonja,Mag.,SPÖ,XXIV,St
"Steßl-Mühlbacher Sonja, Mag. siehe Steßl Sonja, Mag.",Steßl-Mühlbacher,Sonja,Mag.,SPÖ,XXIV,St
"Steyrer Kurt, Dr.",Steyrer,Kurt,Dr.,SPÖ,XIV,1
"Stiegelbauer Sonja, Dr. siehe Moser-Starrach Sonja, Dr.",Stiegelbauer,Sonja,Dr.,ÖVP,XX,BWV
Stika Felix,Stika,Felix,NA,SdP,I,N
"Stippel Johann, Dr.",Stippel,Johann,Dr.,SPÖ,XV,N
"Stix Gerulf, Dipl.-Vw. Dr.",Stix,Gerulf,Dipl.-Vw. Dr.,FPÖ,XIII,2
"Stocker Christian, Dr.",Stocker,Christian,Dr.,ÖVP,XXVI,N
Stocker Franz,Stocker,Franz,NA,ÖVP,XVI,1
Stocker Helmuth,Stocker,Helmuth,NA,SPÖ,XVI,S
Stöckler Josef,Stöckler,Josef,NA,CSP,I,N
"Stöger Alois, diplômé",Stöger,Alois,diplômé,SPÖ,XXVI,O
Stögmüller David,Stögmüller,David,NA,GRÜNE,XXVII,O
Stögner Gregor,Stögner,Gregor,NA,SPÖ,XIII,O
"Stögner Hans, Dr.",Stögner,Hans,Dr.,CSP,IV,N
Stohs Herbert,Stohs,Herbert,NA,ÖVP,X,V
"Stoisits Terezija, Mag.",Stoisits,Terezija,Mag.,GRÜNE,XVIII,2
Stoll Franz,Stoll,Franz,NA,ÖVP,VIII,3
Strache Heinz-Christian,Strache,Heinz-Christian,NA,FPÖ,XXIII,BWV
Strache Max,Strache,Max,NA,SPÖ,XV,N
Strache Pia Philippa,Strache,Pia Philippa,NA,OK,XXVII,W
"Strachwitz Ernst, Dr.",Strachwitz,Ernst,Dr.,ÖVP,VI,4
Stradal Emmy,Stradal,Emmy,NA,GdP,I,RSM
"Straffner Sepp, Dr.",Straffner,Sepp,Dr.,GdP,I,T
Straßberger Josef,Straßberger,Josef,NA,ÖVP,XVIII,St
"Strasser Ernst, Dr.",Strasser,Ernst,Dr.,ÖVP,XXII,N
"Strasser Georg, Dipl.-Ing.",Strasser,Georg,Dipl.-Ing.,ÖVP,XXV,N
Strasser Peter,Strasser,Peter,NA,SPÖ,VI,2
Streeruwitz Ernst,Streeruwitz,Ernst,NA,CSP,II,2
Stricker Adolf,Stricker,Adolf,NA,ÖVP,XVII,N
Strießnigg Karl,Strießnigg,Karl,NA,LBd,III,K
"Strobl Franz, Dipl.-Ing.",Strobl,Franz,Dipl.-Ing.,ÖVP,V,B
Strobl Robert,Strobl,Robert,NA,SPÖ,XVI,T
Ströer Alfred,Ströer,Alfred,NA,SPÖ,XI,N
Strohmaier Vinzenz,Strohmaier,Vinzenz,NA,CSP,IV,St
"Strolz Matthias, Mag. Dr.",Strolz,Matthias,Mag. Dr.,NEOS-LIF,XXV,BWV
Strommer Josef,Strommer,Josef,NA,ÖVP,V,N
Stronach Frank,Stronach,Frank,NA,STRONACH,XXV,BWV
Strunz Rudolf,Strunz,Rudolf,NA,SdP,I,O
"Strutz Martin, Dr.",Strutz,Martin,Dr.,BZÖ,XXIV,K
"Stüber Fritz, Dr.",Stüber,Fritz,Dr.,WdU,VI,1
"Stummvoll Günter, Dipl.-Kfm. Dr.",Stummvoll,Günter,Dipl.-Kfm. Dr.,ÖVP,XVI,N
Stürgkh Barthold,Stürgkh,Barthold,NA,ÖVP,VI,St
Suchanek Erich,Suchanek,Erich,NA,SPÖ,VIII,K
Suppan Walter,Suppan,Walter,NA,ÖVP,XI,K
"Svazek Marlene, BA",Svazek,Marlene,BA,FPÖ,XXVI,S
Svihalek Friedrich,Svihalek,Friedrich,NA,SPÖ,XVII,1
"Swoboda Karl, Dr.",Swoboda,Karl,Dr.,SdP,IV,N
"Sylvester Hans, Ing.",Sylvester,Hans,Ing.,CSP,IV,B
Szep Irene,Szep,Irene,NA,SPÖ,XXIV,K
Tadler Erich,Tadler,Erich,NA,BZÖ,XXIV,S
Tamandl Gabriele,Tamandl,Gabriele,NA,ÖVP,XXII,W
"Tancsits Walter, Mag.",Tancsits,Walter,Mag.,ÖVP,XXI,W
"Tanda Alexandra, Ing. Mag. (FH)",Tanda,Alexandra,Ing. Mag. (FH),ÖVP,XXVII,T
"Taschner Rudolf, Mag. Dr.",Taschner,Rudolf,Mag. Dr.,ÖVP,XXVI,BWV
"Taus Josef, Dr.",Taus,Josef,Dr.,ÖVP,XIV,St
"Tauschitz Stephan, Ing.",Tauschitz,Stephan,Ing.,LBd,III,K
Tazreiter Josef,Tazreiter,Josef,NA,ÖVP,V,N
Tegischer Brigitte,Tegischer,Brigitte,NA,SPÖ,XX,T
"Teller Dietrich, Dipl.-Kfm.",Teller,Dietrich,Dipl.-Kfm.,ÖVP,XX,K
Teschl Alfred,Teschl,Alfred,NA,SPÖ,XII,O
Teufl Josef,Teufl,Josef,NA,CSP,II,N
Thaler Andreas,Thaler,Andreas,NA,CSP,III,T
Thalhammer Rudolf,Thalhammer,Rudolf,NA,SPÖ,X,O
Themessl Bernhard,Themessl,Bernhard,NA,FPÖ,XXIII,BWV
Thoma Franz,Thoma,Franz,NA,LBd,IV,St
Thullner Johann,Thullner,Johann,NA,CSP,I,B
Thurner Leopold,Thurner,Leopold,NA,ÖVP,VI,4
Tichy-Schreder Ingrid,Tichy-Schreder,Ingrid,NA,ÖVP,XV,W
"Tieber Herbert, Dipl.-Vw.",Tieber,Herbert,Dipl.-Vw.,SPÖ,XVI,T
Tilg Wilfried,Tilg,Wilfried,NA,F,XX,T
Tirnthal Rudolf,Tirnthal,Rudolf,NA,SPÖ,XV,St
Titze Karl,Titze,Karl,NA,ÖVP,XI,1
"Töchterle Karlheinz, Dr.",Töchterle,Karlheinz,Dr.,ÖVP,XXV,T
Tödling Othmar,Tödling,Othmar,NA,ÖVP,VIII,St
"Toifl-Campregher Sonja, Dr.",Toifl-Campregher,Sonja,Dr.,SPÖ,XIX,O
"Tomaselli Nina, Mag.",Tomaselli,Nina,Mag.,GRÜNE,XXVII,V
Tomschik Josef,Tomschik,Josef,NA,SdP,I,N
"Toncic-Sorinj Lujo, Dr.",Toncic-Sorinj,Lujo,Dr.,ÖVP,VI,S
Tonn Rudolf,Tonn,Rudolf,NA,SPÖ,XIII,N
"Totter Agnes, MMag. Dr., BEd",Totter,Agnes,"MMag. Dr., BEd",ÖVP,XXVII,St
"Trattner Gilbert, Mag.",Trattner,Gilbert,Mag.,FPÖ,XVIII,2
Traußnig Adolf,Traußnig,Adolf,NA,ÖVP,V,K
Traxler Franz,Traxler,Franz,NA,CSP,I,O
Traxler Gabrielle,Traxler,Gabrielle,NA,SPÖ,XVI,W
Treichl Leonhard,Treichl,Leonhard,NA,SPÖ,XIII,V
Trenk Josef,Trenk,Josef,NA,F,XIX,N
Trettenbrein Harald,Trettenbrein,Harald,NA,F,XXI,K
"Trinkl Josef, Mag. Dr.",Trinkl,Josef,Mag. Dr.,ÖVP,XX,St
"Troch Harald, Dr.",Troch,Harald,Dr.,SPÖ,XXV,W
Troll Karl,Troll,Karl,NA,SPÖ,XI,St
"Trunk Melitta, Mag.",Trunk,Melitta,Mag.,SPÖ,XXII,K
Truppe Paul,Truppe,Paul,NA,SPÖ,VI,K
"Tschadek Otto, Dr.",Tschadek,Otto,Dr.,SPÖ,V,N
"Tschank Markus, Dr.",Tschank,Markus,Dr.,FPÖ,XXVI,W
"Tschida Johann, Dipl.-Ing.",Tschida,Johann,Dipl.-Ing.,ÖVP,X,B
"Tschurtschenthaler Ignaz, Dipl.-Vw. Dr.",Tschurtschenthaler,Ignaz,Dipl.-Vw. Dr.,ÖVP,V,K
"Tull Stephan, Dr.",Tull,Stephan,Dr.,SPÖ,X,O
Tuller Ludwig,Tuller,Ludwig,NA,SdP,I,St
Turkovic-Wendl Ingrid,Turkovic-Wendl,Ingrid,NA,ÖVP,XXII,BWV
Türtscher Anton,Türtscher,Anton,NA,ÖVP,XVI,V
Tusch Maria,Tusch,Maria,NA,SdP,I,K
"Tychtl Gerald, Ing.",Tychtl,Gerald,Ing.,SPÖ,XV,St
Übeleis Vinzenz,Übeleis,Vinzenz,NA,SPÖ,V,W
Uhlir Robert,Uhlir,Robert,NA,SPÖ,V,W
Ulbrich Ernst,Ulbrich,Ernst,NA,SPÖ,X,W
Ulrich Heinrich,Ulrich,Heinrich,NA,SdP,I,S
Umenberger Ferdinand,Umenberger,Ferdinand,NA,ÖVP,IX,O
Unterberger Franz,Unterberger,Franz,NA,CSP,II,V
Unterkircher Peter,Unterkircher,Peter,NA,CSP,I,T
"Unterrainer Maximilian, Mag. (FH)",Unterrainer,Maximilian,Mag. (FH),SPÖ,XXV,T
"Unterreiner Heidemarie, Mag.",Unterreiner,Heidemarie,Mag.,FPÖ,XXIV,W
"Url Karl, Ing.",Url,Karl,Ing.,ÖVP,XIV,St
"Ursin Josef, Dr.",Ursin,Josef,Dr.,GdP,I,N
"Van der Bellen Alexander, Dr.",Van,der Bellen Alexander,Dr.,GRÜNE,XIX,BWV
"van Tongel Emil, Mag. Dr.",van,Tongel Emil,Mag. Dr.,FPÖ,IX,1
Vaugoin Carl,Vaugoin,Carl,NA,CSP,I,W
"Vavrik Christoph, Mag.",Vavrik,Christoph,Mag.,NEOS-LIF,XXV,St
Veleta Josef,Veleta,Josef,NA,SPÖ,XVI,W
Venier Mathias,Venier,Mathias,NA,FPÖ,XXIV,T
Verzetnitsch Friedrich,Verzetnitsch,Friedrich,NA,SPÖ,XVII,O
"Veselsky Ernst Eugen, Dr.",Veselsky,Ernst Eugen,Dr.,SPÖ,XII,4
"Vetter Georg, Dr.",Vetter,Georg,Dr.,STRONACH,XXV,BWV
Vetter Gustav,Vetter,Gustav,NA,ÖVP,XIII,N
Viehauser Jakob,Viehauser,Jakob,NA,SdP,I,S
Vilimsky Harald,Vilimsky,Harald,NA,FPÖ,XXIII,W
Vinzl Josef,Vinzl,Josef,NA,NWB,IV,W
Vock Bernhard,Vock,Bernhard,NA,FPÖ,XXIII,N
Voggenhuber Johannes,Voggenhuber,Johannes,NA,GRÜNE,XVIII,2
"Vogl Markus, Ing.",Vogl,Markus,Ing.,SPÖ,XXV,O
"Voglauer Olga, Dipl.-Ing.",Voglauer,Olga,Dipl.-Ing.,GRÜNE,XXVII,K
Voithofer Josef,Voithofer,Josef,NA,SPÖ,V,S
Volker Otto,Volker,Otto,NA,CSP,I,W
Volkert Karl,Volkert,Karl,NA,SdP,I,W
Vollmann Hans,Vollmann,Hans,NA,ÖVP,VI,St
Vonwald Karl,Vonwald,Karl,NA,ÖVP,XVI,N
Voraberger Hubert,Voraberger,Hubert,NA,SPÖ,XIV,O
Vorderwinkler Petra,Vorderwinkler,Petra,NA,SPÖ,XXVII,N
"Vranitzky Franz, Dipl.-Kfm. Dr.",Vranitzky,Franz,Dipl.-Kfm. Dr.,SPÖ,XVII,1
"Waber Leopold, Dr.",Waber,Leopold,Dr.,GdP,I,W
Wabl Andreas,Wabl,Andreas,NA,GRÜNE,XVII,St
Wache Wilhelm,Wache,Wilhelm,NA,SdP,IV,N
Wagner Johann,Wagner,Johann,NA,CSP,IV,B
Wagner Josef,Wagner,Josef,NA,CSP,IV,St
"Wagner Josef, Dr.",Wagner,Josef,Dr.,CSP,I,N
"Wagner Otto, Dr.",Wagner,Otto,Dr.,GdP,III,N
Wagner Petra,Wagner,Petra,NA,FPÖ,XXVI,BWV
"Waihs Erwin, Dr.",Waihs,Erwin,Dr.,CSP,I,N
Walch Maximilian,Walch,Maximilian,NA,F,XXII,O
Walcher Franz,Walcher,Franz,NA,SPÖ,V,K
"Waldbrunner Karl, Dipl.-Ing.",Waldbrunner,Karl,Dipl.-Ing.,SPÖ,V,W
Walla Michael,Walla,Michael,NA,ÖVP,V,1
Wallisch Koloman,Wallisch,Koloman,NA,SdP,IV,St
Wallisch Paula,Wallisch,Paula,NA,SPÖ,V,St
Wallner Josef,Wallner,Josef,NA,ÖVP,VI,N
Wallner Josef,Wallner,Josef,NA,ÖVP,IX,St
Wallner Kurt,Wallner,Kurt,NA,SPÖ,XVIII,St
"Walser Harald, Dr.",Walser,Harald,Dr.,GRÜNE,XXIV,V
Walther Heidrun,Walther,Heidrun,NA,SPÖ,XXII,St
Wancura Johann Thomas,Wancura,Johann Thomas,NA,CSP,II,1
"Waneck Friedrich, Dr.",Waneck,Friedrich,Dr.,GdP,I,W
"Wappis Elisabeth, Dr.",Wappis,Elisabeth,Dr.,ÖVP,XVII,K
Wassermann Sandra,Wassermann,Sandra,NA,FPÖ,XXVI,K
Wastl Hans,Wastl,Hans,NA,SPÖ,X,B
Wattaul Anton,Wattaul,Anton,NA,F,XXI,N
Weber Anton,Weber,Anton,NA,SdP,I,W
"Weber Franz, Dr.",Weber,Franz,Dr.,ÖVP,VIII,3
"Weber Johann, Ing.",Weber,Johann,Ing.,ÖVP,XXVII,K
Weber Rosa,Weber,Rosa,NA,SPÖ,IX,W
Wechner Hedwig,Wechner,Hedwig,NA,SPÖ,XXIII,T
Wedenig Ferdinand,Wedenig,Ferdinand,NA,SPÖ,V,K
Wedenig Karl,Wedenig,Karl,NA,ÖVP,XII,W
Wegscheider Susanne,Wegscheider,Susanne,NA,ÖVP,XXII,O
"Weidenhoffer Emanuel, Dr.",Weidenhoffer,Emanuel,Dr.,CSP,II,4
Weidenholzer Johann,Weidenholzer,Johann,NA,CSP,IV,O
Weidinger Anton,Weidinger,Anton,NA,ÖVP,IX,St
"Weidinger Peter, Mag.",Weidinger,Peter,Mag.,ÖVP,XXVI,K
Weigerstorfer Ulrike,Weigerstorfer,Ulrike,NA,STRONACH,XXV,BWV
"Weigl Richard, Ing.",Weigl,Richard,Ing.,CSP,I,N
"Weihs Oskar, Dipl.-Ing. Dr.",Weihs,Oskar,Dipl.-Ing. Dr.,SPÖ,IX,4
Weikhart Eduard,Weikhart,Eduard,NA,SPÖ,V,W
Weinberger Helmut,Weinberger,Helmut,NA,SPÖ,XIV,T
Weinberger Lois,Weinberger,Lois,NA,ÖVP,V,W
Weindl Anton,Weindl,Anton,NA,ÖVP,VI,O
Weinhandl Alois,Weinhandl,Alois,NA,CSP,I,St
Weinmayer Leopold,Weinmayer,Leopold,NA,ÖVP,VII,N
"Weinmeier Wilhelm, Ing.",Weinmeier,Wilhelm,Ing.,F,XXI,N
"Weinzinger Brigid, Mag.",Weinzinger,Brigid,Mag.,GRÜNE,XXII,N
Weinzinger Lutz,Weinzinger,Lutz,NA,FPÖ,XXIII,O
Weiß Josef,Weiß,Josef,NA,CSP,I,O
"Weiß Ludwig, Dipl.-Ing. Dr.",Weiß,Ludwig,Dipl.-Ing. Dr.,ÖVP,VIII,K
Weiser Kajetan,Weiser,Kajetan,NA,SdP,I,O
"Weiskirchner Richard, Dr. Dr. h.c.",Weiskirchner,Richard,Dr. Dr. h.c.,CSP,I,W
"Weismann Leopold, Dr.",Weismann,Leopold,Dr.,ÖVP,VIII,O
"Weißmann Walther, Dipl.-Kfm. Dr.",Weißmann,Walther,Dipl.-Kfm. Dr.,ÖVP,VIII,K
"Weiss Helmuth, Mag.",Weiss,Helmuth,Mag.,FPÖ,XVII,N
Weisz Robert,Weisz,Robert,NA,SPÖ,XI,W
Wendl Franz,Wendl,Franz,NA,SdP,IV,St
Wendl Sepp,Wendl,Sepp,NA,SPÖ,V,St
Weninger Hannes,Weninger,Hannes,NA,SPÖ,XXIII,N
Wenitsch Robert,Wenitsch,Robert,NA,F,XIX,N
Wense Ernst,Wense,Ernst,NA,CSP,II,1
"Weratschnig Hermann, MBA MSc",Weratschnig,Hermann,MBA MSc,GRÜNE,XXVII,T
Werner Max,Werner,Max,NA,HB,IV,3
"Westenthaler Peter, Ing.",Westenthaler,Peter,Ing.,F,XXI,W
Westreicher Hugo,Westreicher,Hugo,NA,ÖVP,XII,3
Widholz Laurenz,Widholz,Laurenz,NA,SdP,I,W
"Widmann Rainer, Mag.",Widmann,Rainer,Mag.,BZÖ,XXIV,O
Widmayer Heinrich,Widmayer,Heinrich,NA,SPÖ,V,N
Wiedenhofer Josef,Wiedenhofer,Josef,NA,SdP,I,W
Wielandner Hermann,Wielandner,Hermann,NA,SPÖ,X,S
Wieninger Josef,Wieninger,Josef,NA,CSP,II,W
Wieser Helga,Wieser,Helga,NA,ÖVP,XIII,2
"Wiesinger Ernst, Dipl.-Ing.",Wiesinger,Ernst,Dipl.-Ing.,ÖVP,X,N
"Wiesinger Günther, Dr.",Wiesinger,Günther,Dr.,ÖVP,XIII,W
Wiesmaier Josef,Wiesmaier,Josef,NA,CSP,I,O
Wille Josef,Wille,Josef,NA,SPÖ,XIII,T
Willi Georg,Willi,Georg,NA,GRÜNE,XXV,T
"Willinger Franz, Ing.",Willinger,Franz,Ing.,SPÖ,XIII,St
Wimberger Alois,Wimberger,Alois,NA,SPÖ,V,O
Wimmer Elias,Wimmer,Elias,NA,CSP,IV,B
Wimmer Johann,Wimmer,Johann,NA,CSP,II,O
Wimmer Matthias,Wimmer,Matthias,NA,GdP,I,RSM
Wimmer Petra,Wimmer,Petra,NA,SPÖ,XXVI,O
Wimmer Rainer,Wimmer,Rainer,NA,SPÖ,XVIII,O
Wimmer Walter,Wimmer,Walter,NA,SPÖ,XIV,O
Wimmersberger Anton,Wimmersberger,Anton,NA,ÖVP,XIV,O
Windbüchler-Souschill Tanja,Windbüchler-Souschill,Tanja,NA,GRÜNE,XXIV,N
Windholz Ernest,Windholz,Ernest,NA,F,XXI,N
"Windisch Franz, Ing.",Windisch,Franz,Ing.,ÖVP,XXIV,W
Windsteig Johann,Windsteig,Johann,NA,SPÖ,XII,N
Winkler Ernst,Winkler,Ernst,NA,SPÖ,VIII,N
"Winkler Franz, Ing.",Winkler,Franz,Ing.,LBd,IV,St
Winkler Herta,Winkler,Herta,NA,SPÖ,X,St
"Winkler Josef, Ing.",Winkler,Josef,Ing.,ÖVP,XXII,K
"Winsauer Ernst, Ing.",Winsauer,Ernst,Ing.,CSP,III,V
"Winsauer Werner, Dipl.-Ing.",Winsauer,Werner,Dipl.-Ing.,ÖVP,XVI,V
"Winter Otto, Dr.",Winter,Otto,Dr.,SPÖ,IX,T
"Winter Susanne, Dr.",Winter,Susanne,Dr.,FPÖ,XXIV,St
Winterer Franz,Winterer,Franz,NA,SPÖ,V,N
"Winzig Angelika, Dr.",Winzig,Angelika,Dr.,ÖVP,XXV,BWV
"Withalm Hermann, Dr.",Withalm,Hermann,Dr.,ÖVP,VII,N
Witrisal Alois,Witrisal,Alois,NA,ÖVP,V,St
Wittauer Klaus,Wittauer,Klaus,NA,F,XXI,BWV
Witternigg Josef,Witternigg,Josef,NA,SdP,I,S
"Wittmann Peter, Dr.",Wittmann,Peter,Dr.,SPÖ,XXI,BWV
Witzany Franz,Witzany,Franz,NA,OK,I,St
Witzany Hans,Witzany,Hans,NA,SdP,I,O
"Wochesländer Jutta, Dr.",Wochesländer,Jutta,Dr.,F,XXI,N
Wodica Anton,Wodica,Anton,NA,SPÖ,X,N
Wöginger August,Wöginger,August,NA,ÖVP,XXII,O
Wohlschlager Sandra,Wohlschlager,Sandra,NA,FPÖ,XXVI,O
Wolf Helmut,Wolf,Helmut,NA,SPÖ,XV,V
Wolf Johann,Wolf,Johann,NA,ÖVP,XV,B
Wolf Leopold,Wolf,Leopold,NA,SPÖ,V,O
Wolf Richard,Wolf,Richard,NA,SPÖ,V,St
"Wölfler Alois, Mag.",Wölfler,Alois,Mag.,ÖVP,V,4
"Wolfmayr Andrea, Dr. siehe Wolfmayr Andrea, Mag. Dr.",Wolfmayr,Andrea,Dr.,ÖVP,XXI,St
"Wolfmayr Andrea, Mag. Dr.",Wolfmayr,Andrea,Mag. Dr.,ÖVP,XXI,St
Wolfmayr Hans,Wolfmayr,Hans,NA,SPÖ,XVIII,O
Wollek Richard,Wollek,Richard,NA,CSP,I,N
Wollinger Karl,Wollinger,Karl,NA,GdP,I,B
Wondrack Gertrude,Wondrack,Gertrude,NA,SPÖ,XI,W
Wörndl Heidelore,Wörndl,Heidelore,NA,SPÖ,XVI,S
Woschitz Anton,Woschitz,Anton,NA,SPÖ,XV,K
"Wotawa August, Dr.",Wotawa,August,Dr.,GdP,III,W
Wuganigg Viktor,Wuganigg,Viktor,NA,SPÖ,XII,St
Wührer Alois,Wührer,Alois,NA,ÖVP,VII,O
Wunder Gottfried,Wunder,Gottfried,NA,ÖVP,VII,K
Wunsch Oskar,Wunsch,Oskar,NA,CSP,I,RSM
"Wurm Gisela, Mag.",Wurm,Gisela,Mag.,SPÖ,XVIII,T
Wurm Peter,Wurm,Peter,NA,FPÖ,XXV,T
Wurmitzer Georg,Wurmitzer,Georg,NA,ÖVP,XIX,K
"Yildirim Selma, Mag.",Yildirim,Selma,Mag.,SPÖ,XXVI,T
Yılmaz Nurten,Yılmaz,Nurten,NA,SPÖ,XXV,W
Zach Alexander,Zach,Alexander,NA,SPÖ,XXIII,BWV
"Zadić Alma, Dr., LL.M.",Zadić,Alma,"Dr., LL.M.",PILZ,XXVI,BWV
"Zakostelsky Andreas, Mag.",Zakostelsky,Andreas,Mag.,ÖVP,XXV,BWV
Zangel Josef,Zangel,Josef,NA,LBd,III,St
Zanger Wolfgang,Zanger,Wolfgang,NA,FPÖ,XXIII,St
Zankl Hubert,Zankl,Hubert,NA,SPÖ,X,K
Zarboch Rudolf,Zarboch,Rudolf,NA,GdP,II,2
Zarits Christoph,Zarits,Christoph,NA,ÖVP,XXVI,B
Zaun Fritz,Zaun,Fritz,NA,GRÜNE,XVII,N
Zauner Josef,Zauner,Josef,NA,CSP,I,O
"Zechmann Heinrich, Dr.",Zechmann,Heinrich,Dr.,FPÖ,VIII,K
"Zechner Leopold, Dr.",Zechner,Leopold,Dr.,SPÖ,V,W
Zechtl Rupert,Zechtl,Rupert,NA,SPÖ,V,T
Zehetgruber Franz,Zehetgruber,Franz,NA,CSP,II,2
"Zeidler Viktor, Dr.",Zeidler,Viktor,Dr.,GdP,I,N
Zeillinger Gustav,Zeillinger,Gustav,NA,WdU,VII,S
Zeininger Sylvester,Zeininger,Sylvester,NA,CSP,IV,N
Zelenka Franz,Zelenka,Franz,NA,SdP,I,W
Zellot Roland,Zellot,Roland,NA,F,XXI,K
"Zernatto Christof, Dr.",Zernatto,Christof,Dr.,ÖVP,XVII,K
Zierler Theresia,Zierler,Theresia,NA,F,XXI,BWV
"Zinggl Wolfgang, Mag. Dr.",Zinggl,Wolfgang,Mag. Dr.,GRÜNE,XXII,BWV
Zingl Josef,Zingl,Josef,NA,CSP,IV,St
Zingler Franz,Zingler,Franz,NA,SPÖ,VIII,St
Zipser Ella,Zipser,Ella,NA,SPÖ,XVI,B
"Zittmayr Hermann, Dipl.-Ing. Dr.",Zittmayr,Hermann,Dipl.-Ing. Dr.,ÖVP,XI,O
Zodl Ernst,Zodl,Ernst,NA,SPÖ,XIV,N
Zopf Bettina,Zopf,Bettina,NA,ÖVP,XXVII,O
Zorba Süleyman,Zorba,Süleyman,NA,GRÜNE,XXVII,N
Zwanzger Johann,Zwanzger,Johann,NA,SdP,I,St
Zwenk Heinrich,Zwenk,Heinrich,NA,SdP,II,St
Zwerschitz Barbara,Zwerschitz,Barbara,NA,GRÜNE,XXIII,St
Zweytick Johannes,Zweytick,Johannes,NA,ÖVP,XIX,St
